,temperatura,temperatura_max,temperatura_min,precipitacion,humedad_relativa,presion_atmosferica,velocidad_viento,direccion_viento,nubosidad,radiacion_solar,punto_rocio,grados_dia,confort_termico
2025-09-06 15:32:34.105103,7.47,13.63,0.92,0.0,82.25,987.88,3.56,298.76,36.45,488.97,3.92,0.0,0
2025-09-06 16:32:34.105103,5.24,9.53,2.06,0.0,96.92,991.49,5.18,303.83,54.83,272.43,4.63,0.0,0
2025-09-06 17:32:34.105103,6.21,9.91,1.7,0.0,86.0,991.23,4.2,166.58,41.99,439.1,3.42,0.0,0
2025-09-06 18:32:34.105103,7.76,14.94,3.45,0.0,92.79,992.95,3.93,254.35,44.5,328.63,6.32,0.0,0
2025-09-06 19:32:34.105103,4.45,12.37,-0.35,0.0,87.59,986.14,3.94,245.68,27.52,389.47,1.97,0.0,0
2025-09-06 20:32:34.105103,5.05,10.68,1.61,0.0,99.84,982.8,4.96,250.71,33.35,336.2,5.02,0.0,0
2025-09-06 21:32:34.105103,9.63,13.49,1.95,0.0,85.2,992.32,3.79,267.95,40.82,182.26,6.67,0.0,0
2025-09-06 22:32:34.105103,9.25,13.61,3.48,0.0,87.66,987.26,7.54,270.86,25.19,170.75,6.78,0.0,0
2025-09-06 23:32:34.105103,8.22,11.32,3.7,0.0,96.29,983.69,2.7,219.45,37.83,105.42,7.48,0.0,0
2025-09-07 00:32:34.105103,11.74,19.32,6.76,0.0,77.95,990.11,6.49,351.36,38.98,0.0,7.33,1.74,0
2025-09-07 01:32:34.105103,11.29,14.87,6.05,0.0,78.09,992.05,8.55,277.81,24.22,81.83,6.9,1.29,0
2025-09-07 02:32:34.105103,12.73,18.61,6.72,0.0,79.99,989.31,3.21,333.24,51.05,107.63,8.73,2.73,0
2025-09-07 03:32:34.105103,15.39,19.76,9.81,0.0,84.11,988.3,6.18,258.04,49.3,107.43,12.21,5.39,0
2025-09-07 04:32:34.105103,12.03,17.8,4.43,0.0,76.36,989.2,5.56,246.49,17.47,446.02,7.3,2.03,0
2025-09-07 05:32:34.105103,13.01,19.26,7.52,0.0,68.33,988.56,3.49,339.74,19.84,320.01,6.67,3.01,0
2025-09-07 06:32:34.105103,15.53,22.68,7.57,0.0,76.44,985.63,3.12,209.13,10.36,442.16,10.82,5.53,0
2025-09-07 07:32:34.105103,14.43,18.46,7.17,0.0,83.11,987.53,5.76,343.72,28.73,518.04,11.05,4.43,0
2025-09-07 08:32:34.105103,16.48,19.54,12.44,0.0,83.28,991.24,10.39,221.82,44.3,421.55,13.14,6.48,0
2025-09-07 09:32:34.105103,13.09,16.77,5.43,0.0,80.06,990.64,8.01,307.0,30.89,459.51,9.1,3.09,0
2025-09-07 10:32:34.105103,10.83,18.33,7.25,0.0,83.69,990.18,6.2,224.77,41.45,482.78,7.57,0.83,0
2025-09-07 11:32:34.105103,15.14,22.51,8.06,0.0,85.05,986.69,5.72,258.36,22.3,689.64,12.15,5.14,0
2025-09-07 12:32:34.105103,10.21,16.19,5.3,0.0,77.34,989.13,5.15,264.18,41.65,465.29,5.68,0.21,0
2025-09-07 13:32:34.105103,9.24,15.24,1.85,0.0,86.2,983.14,4.59,255.25,32.55,664.95,6.48,0.0,0
2025-09-07 14:32:34.105103,4.81,11.14,-2.53,0.0,95.74,990.21,5.9,182.62,42.99,354.33,3.96,0.0,0
2025-09-07 15:32:34.105103,5.33,9.2,-1.7,0.0,96.25,993.96,3.47,299.49,42.2,461.91,4.58,0.0,0
2025-09-07 16:32:34.105103,5.69,13.26,-1.27,0.0,90.92,985.25,6.82,243.57,27.75,558.92,3.87,0.0,0
2025-09-07 17:32:34.105103,2.56,7.66,-1.96,0.0,98.33,987.92,4.72,356.76,32.63,472.13,2.23,0.0,0
2025-09-07 18:32:34.105103,5.41,10.33,2.01,0.0,81.44,990.66,4.75,318.33,45.4,298.65,1.7,0.0,0
2025-09-07 19:32:34.105103,3.66,9.26,-1.35,0.0,93.22,993.43,9.39,264.55,45.6,250.42,2.31,0.0,0
2025-09-07 20:32:34.105103,4.88,8.11,1.01,0.0,96.95,988.33,3.04,274.25,53.97,206.31,4.27,0.0,0
2025-09-07 21:32:34.105103,5.21,9.04,-1.26,0.0,89.27,987.6,6.3,211.7,42.88,215.66,3.07,0.0,0
2025-09-07 22:32:34.105103,11.36,18.05,6.63,0.0,85.25,983.77,8.8,306.34,39.05,156.31,8.41,1.36,0
2025-09-07 23:32:34.105103,9.08,12.49,1.2,0.0,90.62,989.98,5.94,266.56,23.05,132.36,7.2,0.0,0
2025-09-08 00:32:34.105103,8.49,14.51,2.29,0.0,87.55,995.73,5.2,227.52,36.07,0.0,6.0,0.0,0
2025-09-08 01:32:34.105103,13.8,18.03,6.69,0.0,82.15,990.44,4.64,245.73,35.8,55.65,10.23,3.8,0
2025-09-08 02:32:34.105103,11.16,16.11,7.5,0.0,80.44,989.54,6.81,211.66,54.75,46.69,7.25,1.16,0
2025-09-08 03:32:34.105103,15.27,19.71,7.96,0.0,78.07,990.57,5.82,319.17,40.9,161.62,10.88,5.27,0
2025-09-08 04:32:34.105103,11.88,16.66,4.27,0.0,87.23,989.57,4.2,223.65,53.97,234.86,9.33,1.88,0
2025-09-08 05:32:34.105103,13.74,20.34,8.31,0.0,82.17,987.17,4.63,242.22,42.06,287.58,10.18,3.74,0
2025-09-08 06:32:34.105103,17.0,21.49,10.97,0.0,73.57,992.08,5.8,266.59,24.67,556.47,11.71,7.0,0
2025-09-08 07:32:34.105103,17.88,23.71,11.05,0.0,76.3,990.28,3.33,310.69,34.32,426.51,13.14,7.88,0
2025-09-08 08:32:34.105103,16.14,21.52,12.27,0.0,81.36,989.66,3.75,220.05,38.04,432.25,12.42,6.14,0
2025-09-08 09:32:34.105103,14.62,20.94,9.1,0.0,69.82,986.68,8.39,270.95,20.52,592.74,8.58,4.62,0
2025-09-08 10:32:34.105103,13.0,20.69,8.01,0.0,88.29,993.52,4.1,272.27,35.3,468.06,10.66,3.0,0
2025-09-08 11:32:34.105103,9.2,15.86,5.47,0.0,86.52,991.6,3.1,302.03,36.2,503.14,6.5,0.0,0
2025-09-08 12:32:34.105103,9.17,13.24,4.33,0.0,90.38,987.95,5.93,263.18,56.25,406.43,7.24,0.0,0
2025-09-08 13:32:34.105103,8.13,11.29,4.79,0.0,95.79,992.61,8.35,189.92,22.09,623.67,7.29,0.0,0
2025-09-08 14:32:34.105103,9.72,14.03,6.59,0.0,80.56,988.11,2.99,203.37,47.34,367.26,5.83,0.0,0
2025-09-08 15:32:34.105103,7.05,13.03,3.37,0.0,87.88,987.26,7.31,38.4,29.57,474.29,4.63,0.0,0
2025-09-08 16:32:34.105103,1.88,5.14,-5.93,0.0,97.73,987.33,8.78,193.86,30.15,461.46,1.43,0.0,0
2025-09-08 17:32:34.105103,5.46,10.94,-0.29,0.0,89.89,984.29,7.12,229.39,51.75,309.95,3.44,0.0,0
2025-09-08 18:32:34.105103,3.84,9.82,-3.99,0.0,100.0,991.02,4.52,247.03,52.32,329.4,3.84,0.0,0
2025-09-08 19:32:34.105103,3.46,8.13,-1.71,0.0,92.53,984.11,7.49,252.69,53.81,157.92,1.96,0.0,0
2025-09-08 20:32:34.105103,6.63,13.49,2.07,0.0,89.27,985.92,7.84,307.94,47.64,193.43,4.49,0.0,0
2025-09-08 21:32:34.105103,8.43,11.96,2.89,0.0,90.38,983.38,3.15,334.37,60.79,127.25,6.5,0.0,0
2025-09-08 22:32:34.105103,9.47,12.84,4.27,0.0,81.79,989.35,6.6,178.65,41.48,29.48,5.83,0.0,0
2025-09-08 23:32:34.105103,7.37,14.02,3.85,0.0,88.96,989.16,4.98,165.54,37.92,23.15,5.17,0.0,0
2025-09-09 00:32:34.105103,9.94,15.41,3.73,0.0,88.68,988.56,4.88,180.02,42.77,0.0,7.67,0.0,0
2025-09-09 01:32:34.105103,12.77,19.21,8.69,0.0,81.18,986.42,2.64,251.95,48.03,14.47,9.01,2.77,0
2025-09-09 02:32:34.105103,15.51,20.68,9.41,0.0,78.28,986.03,2.52,303.74,26.34,162.1,11.16,5.51,0
2025-09-09 03:32:34.105103,13.84,18.07,7.59,0.0,78.6,990.94,4.97,254.62,27.78,213.07,9.56,3.84,0
2025-09-09 04:32:34.105103,15.38,22.47,11.62,0.0,71.36,987.89,4.49,335.5,27.59,261.88,9.65,5.38,0
2025-09-09 05:32:34.105103,14.14,21.13,10.83,0.0,82.4,990.49,4.47,266.71,15.16,434.6,10.62,4.14,0
2025-09-09 06:32:34.105103,14.16,20.64,7.26,0.0,89.53,986.89,4.28,323.62,41.15,419.08,12.07,4.16,0
2025-09-09 07:32:34.105103,17.97,22.34,12.68,0.0,75.13,990.09,3.27,262.61,13.7,629.67,13.0,7.97,0
2025-09-09 08:32:34.105103,18.46,24.41,15.17,0.0,75.43,993.45,6.81,200.96,33.25,366.34,13.55,8.46,0
2025-09-09 09:32:34.105103,14.65,19.46,6.68,0.0,83.48,991.3,8.7,200.37,45.4,432.44,11.35,4.65,0
2025-09-09 10:32:34.105103,15.56,19.02,12.27,0.0,72.31,988.31,2.84,257.2,26.39,559.94,10.02,5.56,0
2025-09-09 11:32:34.105103,12.83,20.42,6.36,0.0,91.27,990.31,6.32,262.23,57.4,345.61,11.08,2.83,0
2025-09-09 12:32:34.105103,9.26,12.95,1.35,0.0,89.12,988.82,3.01,309.36,24.95,580.46,7.09,0.0,0
2025-09-09 13:32:34.105103,9.72,17.48,5.53,0.0,95.57,989.57,4.26,348.57,54.7,365.19,8.84,0.0,0
2025-09-09 14:32:34.105103,10.63,15.86,6.92,0.0,82.39,988.57,5.65,263.23,42.95,448.45,7.11,0.63,0
2025-09-09 15:32:34.105103,6.24,10.17,2.63,0.0,100.0,989.05,3.6,219.85,27.84,504.39,6.24,0.0,0
2025-09-09 16:32:34.105103,8.49,14.2,3.97,0.0,93.14,990.18,3.4,302.95,68.68,172.17,7.12,0.0,0
2025-09-09 17:32:34.105103,-0.48,6.88,-3.99,0.0,100.0,986.56,4.72,280.73,44.36,330.69,-0.48,0.0,0
2025-09-09 18:32:34.105103,6.2,12.86,-0.26,0.0,93.87,986.5,6.77,226.94,33.16,389.81,4.97,0.0,0
2025-09-09 19:32:34.105103,4.93,11.97,1.62,0.0,93.36,985.38,3.85,342.2,27.61,382.5,3.6,0.0,0
2025-09-09 20:32:34.105103,4.76,11.05,-0.79,0.0,100.0,984.74,3.4,317.17,42.8,271.47,4.76,0.0,0
2025-09-09 21:32:34.105103,6.5,12.96,-1.49,0.0,92.96,985.89,3.94,16.73,40.21,158.35,5.09,0.0,0
2025-09-09 22:32:34.105103,3.58,10.83,-3.49,0.0,86.8,990.02,7.71,181.85,39.42,139.62,0.94,0.0,0
2025-09-09 23:32:34.105103,8.56,12.81,2.49,0.0,83.57,986.86,4.76,299.54,33.81,117.24,5.28,0.0,0
2025-09-10 00:32:34.105103,11.22,16.67,6.69,0.0,84.24,991.02,4.9,311.2,43.45,58.28,8.07,1.22,0
2025-09-10 01:32:34.105103,15.01,19.12,8.89,0.0,81.03,989.59,4.09,283.18,31.64,68.44,11.22,5.01,0
2025-09-10 02:32:34.105103,12.47,20.41,6.83,0.0,83.01,983.58,4.37,308.04,17.16,160.48,9.07,2.47,0
2025-09-10 03:32:34.105103,13.13,20.85,8.0,0.0,88.4,991.45,6.37,314.27,37.71,200.27,10.81,3.13,0
2025-09-10 04:32:34.105103,14.7,17.89,11.04,0.0,70.2,991.91,4.96,227.33,6.42,316.82,8.74,4.7,0
2025-09-10 05:32:34.105103,18.13,24.66,10.7,0.0,75.52,986.5,9.95,250.28,36.3,300.55,13.24,8.13,0
2025-09-10 06:32:34.105103,17.16,24.79,11.91,0.0,67.17,990.74,3.9,292.65,18.79,496.62,10.6,7.16,0
2025-09-10 07:32:34.105103,15.24,19.14,11.27,0.0,82.94,986.91,8.37,211.74,38.1,424.95,11.83,5.24,0
2025-09-10 08:32:34.105103,16.73,22.57,11.89,0.0,76.44,989.77,2.86,224.89,46.36,358.12,12.01,6.73,0
2025-09-10 09:32:34.105103,14.94,22.52,9.87,0.0,81.69,985.69,4.98,267.3,26.36,555.2,11.28,4.94,0
2025-09-10 10:32:34.105103,15.44,18.61,8.3,0.0,74.52,984.1,4.71,250.06,42.87,400.23,10.35,5.44,0
2025-09-10 11:32:34.105103,10.65,17.14,3.99,0.0,92.42,988.33,8.41,242.92,36.87,535.86,9.14,0.65,0
2025-09-10 12:32:34.105103,9.85,14.34,3.0,0.0,92.43,989.11,4.13,249.28,58.75,326.12,8.34,0.0,0
2025-09-10 13:32:34.105103,8.17,15.79,5.11,0.0,92.67,988.29,9.76,273.5,37.68,480.49,6.7,0.0,0
2025-09-10 14:32:34.105103,4.58,12.43,-0.5,0.0,94.49,985.93,2.78,186.43,33.84,493.18,3.48,0.0,0
2025-09-10 15:32:34.105103,6.85,14.58,1.45,0.0,94.62,988.28,3.52,251.4,49.18,372.46,5.78,0.0,0
2025-09-10 16:32:34.105103,5.83,11.2,2.73,0.0,89.72,990.29,3.6,226.99,35.5,424.46,3.77,0.0,0
2025-09-10 17:32:34.105103,4.72,12.03,0.42,0.0,99.2,989.35,2.96,279.9,36.18,437.93,4.56,0.0,0
2025-09-10 18:32:34.105103,4.04,11.26,-2.77,0.0,100.0,990.03,4.73,245.58,40.22,318.39,4.04,0.0,0
2025-09-10 19:32:34.105103,1.88,6.47,-1.81,0.0,100.0,987.47,4.21,214.03,44.55,349.68,1.88,0.0,0
2025-09-10 20:32:34.105103,4.47,11.61,-1.21,0.0,91.65,993.0,7.28,285.13,54.25,256.27,2.8,0.0,0
2025-09-10 21:32:34.105103,5.58,8.76,1.5,0.0,95.44,985.95,3.04,240.64,23.38,189.99,4.67,0.0,0
2025-09-10 22:32:34.105103,5.9,11.88,2.84,0.0,86.68,990.94,12.18,355.11,38.57,130.67,3.24,0.0,0
2025-09-10 23:32:34.105103,8.63,12.78,4.42,0.0,91.92,993.03,9.46,267.53,47.21,22.59,7.01,0.0,0
2025-09-11 00:32:34.105103,11.27,14.87,3.39,0.0,87.35,990.87,3.7,279.19,40.61,0.0,8.74,1.27,0
2025-09-11 01:32:34.105103,15.78,19.17,8.78,0.0,68.98,988.81,6.21,211.87,42.59,160.07,9.58,5.78,0
2025-09-11 02:32:34.105103,13.81,20.29,6.01,0.0,75.48,987.84,3.72,230.46,32.0,125.43,8.9,3.81,0
2025-09-11 03:32:34.105103,15.22,19.92,9.78,0.0,77.76,992.53,6.13,328.18,32.03,226.08,10.77,5.22,0
2025-09-11 04:32:34.105103,15.51,22.13,11.96,0.0,77.24,985.15,2.89,222.05,39.54,268.9,10.95,5.51,0
2025-09-11 05:32:34.105103,12.42,15.74,6.68,0.0,77.33,986.51,6.02,215.89,34.66,268.19,7.88,2.42,0
2025-09-11 06:32:34.105103,16.4,20.98,11.13,0.0,79.34,988.23,3.98,279.94,30.76,348.9,12.27,6.4,0
2025-09-11 07:32:34.105103,16.37,22.07,9.15,0.0,78.7,993.14,2.79,235.94,39.51,323.62,12.11,6.37,0
2025-09-11 08:32:34.105103,20.58,27.53,17.09,0.0,70.16,990.56,4.56,294.59,23.55,485.34,14.61,10.58,0
2025-09-11 09:32:34.105103,14.32,18.91,8.87,0.0,76.75,986.52,4.66,231.47,27.26,395.11,9.67,4.32,0
2025-09-11 10:32:34.105103,14.06,20.19,10.31,0.0,86.15,988.49,5.03,269.28,32.8,546.54,11.29,4.06,0
2025-09-11 11:32:34.105103,11.94,19.37,7.32,0.0,92.36,987.58,9.82,239.74,54.71,461.9,10.41,1.94,0
2025-09-11 12:32:34.105103,8.12,14.2,1.43,0.0,87.4,987.29,3.99,218.13,6.49,755.47,5.6,0.0,0
2025-09-11 13:32:34.105103,11.19,15.36,5.81,0.0,82.15,992.36,4.37,280.89,40.03,404.82,7.62,1.19,0
2025-09-11 14:32:34.105103,8.96,12.08,4.08,0.0,91.01,985.31,2.84,245.35,40.85,424.94,7.16,0.0,0
2025-09-11 15:32:34.105103,7.8,15.15,2.82,0.0,88.51,994.25,5.45,264.08,22.45,550.24,5.5,0.0,0
2025-09-11 16:32:34.105103,3.44,6.55,-1.85,0.0,96.14,991.91,4.42,229.13,46.17,322.09,2.67,0.0,0
2025-09-11 17:32:34.105103,7.47,14.84,0.54,0.0,94.5,992.69,3.11,253.48,47.01,379.35,6.37,0.0,0
2025-09-11 18:32:34.105103,1.65,7.3,-5.81,0.0,89.97,988.03,4.92,285.29,45.88,346.65,-0.35,0.0,0
2025-09-11 19:32:34.105103,5.84,13.53,-1.94,0.0,99.84,988.97,3.29,245.57,18.4,339.62,5.8,0.0,0
2025-09-11 20:32:34.105103,9.64,16.64,2.71,0.0,87.9,985.12,11.37,270.03,52.61,225.8,7.22,0.0,0
2025-09-11 21:32:34.105103,4.23,12.22,-0.34,0.0,93.59,987.85,4.1,265.58,34.42,277.12,2.95,0.0,0
2025-09-11 22:32:34.105103,6.33,11.08,-0.12,0.0,92.07,990.9,3.03,256.0,47.9,203.01,4.74,0.0,0
2025-09-11 23:32:34.105103,9.1,15.94,3.92,0.0,88.16,993.31,5.92,296.14,46.49,199.14,6.74,0.0,0
2025-09-12 00:32:34.105103,9.41,14.42,5.13,0.0,79.23,986.04,2.95,146.46,25.85,0.0,5.25,0.0,0
2025-09-12 01:32:34.105103,8.86,14.26,1.66,0.0,96.18,988.27,7.01,225.55,49.69,193.74,8.1,0.0,0
2025-09-12 02:32:34.105103,13.55,19.69,10.36,0.0,81.88,988.91,2.92,229.82,32.09,122.91,9.93,3.55,0
2025-09-12 03:32:34.105103,12.53,19.9,5.02,0.0,85.42,985.18,6.36,274.06,17.0,224.49,9.61,2.53,0
2025-09-12 04:32:34.105103,16.56,24.48,11.25,0.0,81.92,991.14,7.23,215.21,47.64,225.8,12.94,6.56,0
2025-09-12 05:32:34.105103,14.37,21.21,8.18,0.0,75.34,987.19,9.07,274.64,24.92,336.55,9.44,4.37,0
2025-09-12 06:32:34.105103,19.51,24.6,13.22,0.0,75.1,988.78,3.42,261.57,24.0,449.85,14.53,9.51,0
2025-09-12 07:32:34.105103,14.64,19.75,7.17,0.0,78.7,988.01,6.83,285.16,30.32,376.25,10.38,4.64,0
2025-09-12 08:32:34.105103,14.97,21.65,8.78,0.0,83.79,987.0,7.54,240.84,39.62,406.42,11.72,4.97,0
2025-09-12 09:32:34.105103,16.28,20.48,10.21,0.0,66.94,989.35,3.59,168.01,27.9,597.19,9.67,6.28,0
2025-09-12 10:32:34.105103,10.95,14.5,7.62,0.0,85.08,988.72,2.66,221.15,43.02,437.46,7.97,0.95,0
2025-09-12 11:32:34.105103,12.42,17.19,6.83,0.0,80.35,988.25,2.91,273.5,21.78,627.47,8.49,2.42,0
2025-09-12 12:32:34.105103,13.03,17.46,9.28,0.0,84.62,987.18,2.93,252.05,29.89,584.67,9.95,3.03,0
2025-09-12 13:32:34.105103,5.65,10.13,-1.04,0.0,95.88,990.32,4.13,293.52,41.78,520.3,4.82,0.0,0
2025-09-12 14:32:34.105103,7.78,11.95,2.22,0.0,86.79,994.33,5.22,198.06,57.37,246.63,5.14,0.0,0
2025-09-12 15:32:34.105103,6.69,9.9,0.29,0.0,88.4,989.79,3.83,247.02,38.06,487.0,4.37,0.0,0
2025-09-12 16:32:34.105103,6.78,9.87,3.57,0.0,91.28,992.35,4.9,256.16,51.49,322.68,5.04,0.0,0
2025-09-12 17:32:34.105103,2.14,10.08,-1.28,6.43,100.0,985.2,8.06,157.42,85.39,101.09,2.14,0.0,0
2025-09-12 18:32:34.105103,1.77,6.91,-4.81,0.0,100.0,989.84,3.63,235.08,40.16,391.48,1.77,0.0,0
2025-09-12 19:32:34.105103,5.66,10.58,2.3,0.0,91.66,986.07,4.42,216.81,38.36,240.47,3.99,0.0,0
2025-09-12 20:32:34.105103,5.81,12.21,2.45,0.0,78.75,984.94,5.98,299.11,32.69,218.61,1.56,0.0,0
2025-09-12 21:32:34.105103,6.67,10.76,3.61,0.0,90.12,987.15,5.73,237.05,46.1,68.25,4.7,0.0,0
2025-09-12 22:32:34.105103,8.11,15.86,0.32,0.0,84.65,992.94,5.87,206.43,51.07,73.85,5.04,0.0,0
2025-09-12 23:32:34.105103,7.5,14.43,0.81,0.0,82.59,992.22,3.86,224.8,39.89,129.29,4.02,0.0,0
2025-09-13 00:32:34.105103,10.84,14.28,6.07,0.0,79.56,990.04,6.44,194.87,46.65,0.0,6.75,0.84,0
2025-09-13 01:32:34.105103,12.51,17.6,8.03,0.0,83.78,984.72,4.89,189.54,27.24,8.97,9.27,2.51,0
2025-09-13 02:32:34.105103,11.94,19.34,7.19,0.0,90.73,988.72,2.98,254.88,36.22,107.78,10.09,1.94,0
2025-09-13 03:32:34.105103,18.34,26.07,11.47,0.0,76.05,990.22,4.71,294.05,25.78,152.82,13.55,8.34,0
2025-09-13 04:32:34.105103,16.51,21.85,10.21,0.0,74.2,989.84,4.15,228.73,35.24,202.77,11.35,6.51,0
2025-09-13 05:32:34.105103,13.78,19.85,9.86,2.0,98.6,983.78,2.41,213.58,80.71,113.37,13.5,3.78,0
2025-09-13 06:32:34.105103,17.68,21.52,13.81,0.0,73.18,986.64,11.37,186.92,38.89,287.01,12.32,7.68,0
2025-09-13 07:32:34.105103,14.22,22.17,10.72,0.0,77.2,989.12,4.71,219.95,24.29,536.14,9.66,4.22,0
2025-09-13 08:32:34.105103,17.14,21.3,10.84,0.0,70.52,990.92,10.84,287.97,30.69,476.65,11.24,7.14,0
2025-09-13 09:32:34.105103,16.93,24.64,10.11,0.0,67.85,982.72,5.51,188.77,35.79,478.85,10.5,6.93,0
2025-09-13 10:32:34.105103,11.73,17.98,7.4,0.82,97.46,988.83,3.2,249.27,63.08,271.41,11.22,1.73,0
2025-09-13 11:32:34.105103,13.85,19.89,10.75,0.0,82.01,989.74,3.07,244.51,57.22,377.92,10.25,3.85,0
2025-09-13 12:32:34.105103,11.2,16.76,7.79,0.0,84.72,991.86,5.4,210.51,34.53,562.92,8.14,1.2,0
2025-09-13 13:32:34.105103,10.46,14.62,2.62,0.0,84.23,991.39,5.03,330.92,16.86,676.16,7.31,0.46,0
2025-09-13 14:32:34.105103,11.16,15.05,6.69,0.0,80.53,991.06,3.58,250.1,36.84,516.28,7.27,1.16,0
2025-09-13 15:32:34.105103,5.64,9.74,-1.21,0.0,96.59,986.91,4.9,226.13,43.63,406.05,4.95,0.0,0
2025-09-13 16:32:34.105103,3.67,7.6,-2.46,0.0,89.91,983.59,10.85,260.56,39.14,448.77,1.65,0.0,0
2025-09-13 17:32:34.105103,2.8,9.69,-2.11,0.0,100.0,988.13,10.98,228.88,54.91,269.27,2.8,0.0,0
2025-09-13 18:32:34.105103,2.74,7.49,-1.29,0.0,92.88,992.32,5.95,198.58,48.91,289.09,1.32,0.0,0
2025-09-13 19:32:34.105103,4.42,7.71,0.81,0.0,91.61,993.49,3.99,215.11,43.78,260.05,2.74,0.0,0
2025-09-13 20:32:34.105103,5.86,13.7,-0.22,0.0,85.88,991.44,5.16,243.48,42.44,207.37,3.03,0.0,0
2025-09-13 21:32:34.105103,6.68,14.1,-0.19,0.0,89.47,990.6,3.37,301.12,38.69,153.24,4.58,0.0,0
2025-09-13 22:32:34.105103,9.02,16.66,2.81,0.0,93.34,990.45,6.15,287.69,59.42,107.4,7.69,0.0,0
2025-09-13 23:32:34.105103,8.84,16.82,3.19,0.0,91.31,987.64,2.9,307.68,25.86,142.94,7.11,0.0,0
2025-09-14 00:32:34.105103,13.24,17.11,10.03,0.0,87.04,988.87,5.16,278.84,39.91,58.56,10.64,3.24,0
2025-09-14 01:32:34.105103,11.35,16.34,3.51,0.0,87.58,994.27,7.17,290.8,39.44,0.41,8.87,1.35,0
2025-09-14 02:32:34.105103,18.77,25.56,11.78,0.0,68.33,986.44,5.71,164.17,37.3,194.29,12.44,8.77,1
2025-09-14 03:32:34.105103,15.82,22.3,11.36,0.0,76.61,994.11,3.32,198.42,24.87,214.11,11.15,5.82,0
2025-09-14 04:32:34.105103,13.81,17.58,5.91,0.0,77.38,988.3,8.29,260.02,16.25,365.02,9.29,3.81,0
2025-09-14 05:32:34.105103,13.98,21.06,7.97,0.0,87.68,993.24,4.68,246.09,40.41,244.91,11.52,3.98,0
2025-09-14 06:32:34.105103,17.3,21.42,11.38,0.0,70.07,985.04,4.72,29.95,32.85,386.96,11.31,7.3,0
2025-09-14 07:32:34.105103,15.68,19.8,8.94,0.0,82.95,991.02,6.07,218.16,51.37,324.33,12.27,5.68,0
2025-09-14 08:32:34.105103,16.95,22.64,9.9,0.0,81.03,987.05,3.35,182.79,22.81,460.54,13.16,6.95,0
2025-09-14 09:32:34.105103,15.52,21.48,9.24,0.0,87.87,985.02,4.02,237.07,50.48,396.41,13.09,5.52,0
2025-09-14 10:32:34.105103,13.18,19.09,9.54,0.0,80.17,989.92,7.63,354.63,58.76,385.96,9.22,3.18,0
2025-09-14 11:32:34.105103,10.19,13.65,5.5,0.0,90.28,992.29,2.7,273.24,36.36,496.02,8.25,0.19,0
2025-09-14 12:32:34.105103,7.3,14.69,-0.34,0.0,100.0,986.73,5.53,242.8,32.09,611.28,7.3,0.0,0
2025-09-14 13:32:34.105103,7.88,12.21,3.76,0.0,87.09,984.77,3.46,253.74,34.47,510.25,5.3,0.0,0
2025-09-14 14:32:34.105103,9.04,12.69,4.18,0.0,80.76,988.99,4.07,334.91,35.52,540.74,5.2,0.0,0
2025-09-14 15:32:34.105103,6.52,13.96,1.36,0.0,82.83,989.0,3.27,194.22,42.05,317.37,3.08,0.0,0
2025-09-14 16:32:34.105103,2.64,10.42,-2.55,0.0,100.0,990.91,3.75,326.44,39.09,542.96,2.64,0.0,0
2025-09-14 17:32:34.105103,4.88,12.19,-1.18,0.0,85.26,992.11,4.52,299.92,53.18,371.91,1.93,0.0,0
2025-09-14 18:32:34.105103,5.1,12.15,-2.61,0.0,92.49,989.08,4.37,260.46,30.1,381.19,3.6,0.0,0
2025-09-14 19:32:34.105103,2.77,9.04,-1.44,0.0,100.0,994.83,3.43,268.01,27.61,253.95,2.77,0.0,0
2025-09-14 20:32:34.105103,5.44,11.2,1.83,0.0,94.76,989.94,2.39,259.26,53.45,200.61,4.39,0.0,0
2025-09-14 21:32:34.105103,6.2,9.64,2.22,0.0,94.82,988.22,3.3,261.82,19.66,173.75,5.17,0.0,0
2025-09-14 22:32:34.105103,5.04,10.09,-2.39,0.0,95.54,984.43,3.36,278.7,40.73,144.96,4.15,0.0,0
2025-09-14 23:32:34.105103,9.49,14.36,3.26,0.0,94.15,988.47,6.14,283.16,73.25,48.51,8.32,0.0,0
2025-09-15 00:32:34.105103,11.41,15.71,6.98,0.0,80.12,988.21,3.21,183.9,34.94,0.0,7.44,1.41,0
2025-09-15 01:32:34.105103,14.01,20.63,6.93,0.0,77.6,992.1,3.52,256.96,22.59,136.88,9.53,4.01,0
2025-09-15 02:32:34.105103,15.4,20.88,8.09,0.0,75.04,990.6,7.58,262.26,31.94,181.19,10.41,5.4,0
2025-09-15 03:32:34.105103,11.78,15.18,4.55,0.0,88.48,985.68,3.98,308.06,38.73,236.36,9.48,1.78,0
2025-09-15 04:32:34.105103,13.61,17.71,6.02,0.0,86.08,989.73,5.5,284.74,39.65,241.85,10.83,3.61,0
2025-09-15 05:32:34.105103,17.12,23.53,12.86,0.0,78.58,991.23,3.2,233.3,40.91,216.99,12.83,7.12,0
2025-09-15 06:32:34.105103,17.32,20.7,10.54,0.0,81.94,993.8,7.59,312.74,25.58,469.89,13.71,7.32,0
2025-09-15 07:32:34.105103,17.12,24.37,11.82,0.0,70.43,991.88,4.55,1.54,47.09,322.28,11.2,7.12,0
2025-09-15 08:32:34.105103,23.19,28.67,15.98,0.0,75.55,991.5,2.82,296.47,35.22,379.29,18.3,13.19,0
2025-09-15 09:32:34.105103,15.68,21.08,9.03,0.0,86.1,989.4,6.17,292.15,45.32,471.75,12.9,5.68,0
2025-09-15 10:32:34.105103,15.56,21.53,8.68,0.0,82.33,990.38,4.24,215.82,29.89,646.78,12.03,5.56,0
2025-09-15 11:32:34.105103,13.75,20.88,7.47,0.0,90.28,992.96,7.11,229.36,53.0,370.69,11.81,3.75,0
2025-09-15 12:32:34.105103,11.6,16.33,7.71,0.0,76.32,985.22,8.01,203.89,30.59,663.22,6.86,1.6,0
2025-09-15 13:32:34.105103,8.11,14.5,2.38,0.0,87.21,988.17,3.95,320.77,41.38,469.49,5.55,0.0,0
2025-09-15 14:32:34.105103,8.81,14.64,0.89,0.0,85.11,986.9,4.9,319.33,28.22,535.63,5.83,0.0,0
2025-09-15 15:32:34.105103,4.5,8.84,-3.18,0.0,98.85,990.35,4.71,143.9,34.46,452.91,4.27,0.0,0
2025-09-15 16:32:34.105103,4.62,12.02,1.41,0.0,89.82,992.91,8.75,235.18,46.79,450.5,2.59,0.0,0
2025-09-15 17:32:34.105103,3.53,10.51,-0.3,0.0,100.0,987.42,3.32,304.56,40.56,338.22,3.53,0.0,0
2025-09-15 18:32:34.105103,4.46,10.75,0.8,0.0,100.0,982.04,2.72,222.75,36.46,396.19,4.46,0.0,0
2025-09-15 19:32:34.105103,9.13,16.38,2.5,0.0,91.79,987.98,4.24,258.94,34.46,291.22,7.48,0.0,0
2025-09-15 20:32:34.105103,1.36,8.7,-5.73,0.0,100.0,991.96,3.26,294.21,51.99,169.03,1.36,0.0,0
2025-09-15 21:32:34.105103,7.42,13.96,3.35,0.0,85.93,990.83,4.32,348.59,31.67,260.69,4.61,0.0,0
2025-09-15 22:32:34.105103,4.07,11.25,-1.46,0.0,91.67,990.5,8.43,233.49,39.66,105.94,2.4,0.0,0
2025-09-15 23:32:34.105103,7.8,14.28,0.59,0.0,96.55,988.38,5.23,214.82,43.43,38.83,7.11,0.0,0
2025-09-16 00:32:34.105103,12.43,18.84,5.77,0.0,87.25,985.33,5.44,268.76,19.45,56.64,9.88,2.43,0
2025-09-16 01:32:34.105103,11.94,18.03,6.23,0.0,83.9,990.72,4.17,315.59,22.24,161.07,8.72,1.94,0
2025-09-16 02:32:34.105103,11.1,17.86,5.15,0.0,83.26,986.67,3.56,245.93,39.99,156.48,7.75,1.1,0
2025-09-16 03:32:34.105103,13.07,16.86,7.53,0.0,72.27,995.72,4.71,242.37,23.76,200.66,7.52,3.07,0
2025-09-16 04:32:34.105103,16.81,24.22,12.32,0.0,71.43,990.88,3.5,283.8,41.28,209.34,11.1,6.81,0
2025-09-16 05:32:34.105103,14.59,21.95,8.77,0.0,89.67,987.43,5.49,1.21,49.5,249.92,12.53,4.59,0
2025-09-16 06:32:34.105103,16.69,19.84,10.24,0.0,70.56,987.34,3.07,352.66,37.47,369.75,10.8,6.69,0
2025-09-16 07:32:34.105103,16.14,23.27,8.78,0.0,78.73,988.89,3.31,294.43,52.56,251.67,11.89,6.14,0
2025-09-16 08:32:34.105103,14.15,17.79,7.97,0.0,85.81,988.45,4.05,249.61,37.08,472.1,11.31,4.15,0
2025-09-16 09:32:34.105103,18.79,23.46,11.98,2.79,82.54,992.52,3.7,196.47,82.76,131.69,15.3,8.79,0
2025-09-16 10:32:34.105103,14.52,21.24,10.72,0.0,81.14,989.73,4.9,290.88,29.72,457.26,10.75,4.52,0
2025-09-16 11:32:34.105103,7.76,11.56,2.45,0.0,95.05,986.98,13.74,299.5,67.05,214.91,6.77,0.0,0
2025-09-16 12:32:34.105103,10.63,17.72,7.58,0.0,86.12,994.84,7.51,194.3,57.9,311.63,7.85,0.63,0
2025-09-16 13:32:34.105103,7.38,14.54,3.15,0.0,100.0,989.32,6.68,233.4,45.12,431.65,7.38,0.0,0
2025-09-16 14:32:34.105103,8.96,14.5,2.33,0.0,80.21,991.48,2.55,234.76,38.97,566.04,5.0,0.0,0
2025-09-16 15:32:34.105103,4.43,7.46,-3.53,0.0,100.0,987.35,5.91,172.47,58.59,317.95,4.43,0.0,0
2025-09-16 16:32:34.105103,4.83,9.27,1.33,0.37,100.0,990.26,5.98,219.68,83.53,72.08,4.83,0.0,0
2025-09-16 17:32:34.105103,5.47,11.56,0.46,0.0,97.65,990.1,5.56,272.47,37.26,409.23,5.0,0.0,0
2025-09-16 18:32:34.105103,5.99,13.89,-1.01,0.0,95.22,983.5,3.35,258.92,51.35,257.59,5.03,0.0,0
2025-09-16 19:32:34.105103,2.06,8.22,-1.96,0.0,95.24,995.22,4.94,267.62,43.41,291.85,1.11,0.0,0
2025-09-16 20:32:34.105103,4.39,8.69,-1.38,0.0,96.56,993.04,5.43,200.46,45.11,248.59,3.7,0.0,0
2025-09-16 21:32:34.105103,5.06,11.23,-1.6,0.0,85.11,987.98,3.86,281.74,29.21,277.17,2.09,0.0,0
2025-09-16 22:32:34.105103,5.95,11.65,-0.13,0.0,96.09,985.86,5.69,287.45,25.87,152.28,5.17,0.0,0
2025-09-16 23:32:34.105103,12.23,19.13,8.29,0.0,85.14,990.21,6.35,269.51,39.93,144.67,9.26,2.23,0
2025-09-17 00:32:34.105103,11.03,14.57,6.26,0.0,88.64,989.39,4.26,304.71,48.37,45.4,8.76,1.03,0
2025-09-17 01:32:34.105103,9.25,16.06,2.34,0.0,93.41,990.2,3.09,236.92,39.45,27.86,7.94,0.0,0
2025-09-17 02:32:34.105103,15.06,20.77,9.29,0.0,81.25,989.7,2.53,202.58,49.99,214.04,11.31,5.06,0
2025-09-17 03:32:34.105103,18.71,26.52,15.68,0.0,74.68,990.65,4.12,216.58,25.3,245.05,13.65,8.71,0
2025-09-17 04:32:34.105103,17.48,22.19,10.68,0.0,71.37,993.47,3.14,182.91,20.14,277.7,11.76,7.48,0
2025-09-17 05:32:34.105103,12.98,19.14,9.8,0.0,78.97,990.83,3.84,266.76,33.81,404.99,8.77,2.98,0
2025-09-17 06:32:34.105103,15.25,22.91,8.53,0.0,85.05,985.98,5.39,348.36,36.7,461.97,12.26,5.25,0
2025-09-17 07:32:34.105103,18.55,22.06,14.54,0.0,81.35,993.22,5.4,335.56,43.38,357.73,14.82,8.55,0
2025-09-17 08:32:34.105103,14.0,21.69,6.21,0.0,79.8,994.05,3.82,357.06,27.15,479.52,9.96,4.0,0
2025-09-17 09:32:34.105103,15.35,21.79,10.51,0.0,79.2,998.58,3.32,215.91,48.28,373.64,11.19,5.35,0
2025-09-17 10:32:34.105103,14.77,18.11,10.14,0.0,75.32,985.76,4.09,310.38,52.33,404.11,9.84,4.77,0
2025-09-17 11:32:34.105103,9.92,14.43,6.18,0.0,92.98,989.86,8.15,219.2,41.1,531.07,8.52,0.0,0
2025-09-17 12:32:34.105103,10.1,16.64,5.58,0.0,90.17,982.88,2.43,269.15,52.58,407.86,8.14,0.1,0
2025-09-17 13:32:34.105103,2.19,5.52,-5.2,1.41,100.0,990.79,3.85,224.34,74.44,207.86,2.19,0.0,0
2025-09-17 14:32:34.105103,5.17,11.09,-2.81,0.0,89.85,987.48,2.97,291.22,50.68,456.05,3.14,0.0,0
2025-09-17 15:32:34.105103,5.48,10.2,0.63,0.0,91.9,994.9,6.74,359.25,51.42,343.41,3.85,0.0,0
2025-09-17 16:32:34.105103,2.53,8.64,-2.71,0.0,99.36,986.8,5.36,219.2,53.31,374.99,2.4,0.0,0
2025-09-17 17:32:34.105103,7.69,10.92,1.08,0.0,93.69,984.06,4.78,231.55,41.69,355.67,6.43,0.0,0
2025-09-17 18:32:34.105103,1.36,8.72,-6.07,0.0,98.88,987.72,3.22,353.67,14.9,502.97,1.14,0.0,0
2025-09-17 19:32:34.105103,3.55,11.41,-2.42,0.0,92.31,983.2,2.96,221.01,34.74,312.15,2.01,0.0,0
2025-09-17 20:32:34.105103,5.29,13.13,0.33,0.0,98.47,991.38,5.36,275.37,37.98,245.3,4.98,0.0,0
2025-09-17 21:32:34.105103,8.86,15.61,3.8,0.0,92.31,982.93,4.44,19.29,31.37,191.23,7.33,0.0,0
2025-09-17 22:32:34.105103,4.35,8.0,-2.13,0.0,90.89,989.21,3.26,300.91,41.67,188.02,2.53,0.0,0
2025-09-17 23:32:34.105103,11.0,17.79,7.98,0.0,92.28,982.9,4.49,274.76,36.95,29.19,9.45,1.0,0
2025-09-18 00:32:34.105103,10.21,13.34,4.11,0.0,92.53,988.13,4.12,304.68,33.02,0.0,8.72,0.21,0
2025-09-18 01:32:34.105103,9.78,12.89,5.0,0.0,88.0,994.02,6.96,251.75,28.41,180.8,7.38,0.0,0
2025-09-18 02:32:34.105103,14.12,18.73,7.15,0.0,81.22,990.17,5.6,239.76,28.46,197.03,10.36,4.12,0
2025-09-18 03:32:34.105103,14.83,20.28,11.37,0.0,82.52,986.5,4.23,277.61,47.48,41.55,11.34,4.83,0
2025-09-18 04:32:34.105103,14.19,21.04,8.25,0.0,76.41,989.0,4.95,171.21,26.59,265.36,9.47,4.19,0
2025-09-18 05:32:34.105103,16.13,22.54,10.72,0.0,77.96,989.14,5.4,261.36,28.83,256.0,11.72,6.13,0
2025-09-18 06:32:34.105103,15.42,20.65,9.21,0.0,68.11,990.51,4.57,277.35,24.49,379.64,9.04,5.42,0
2025-09-18 07:32:34.105103,16.21,20.58,12.89,0.0,82.06,984.99,2.73,306.9,39.42,227.56,12.63,6.21,0
2025-09-18 08:32:34.105103,16.71,24.7,10.81,0.0,69.12,990.87,7.97,268.7,34.12,449.55,10.54,6.71,0
2025-09-18 09:32:34.105103,17.61,22.74,11.8,0.0,83.11,980.98,11.74,317.83,6.11,636.87,14.23,7.61,0
2025-09-18 10:32:34.105103,10.72,15.97,4.91,0.0,84.27,987.2,7.69,228.11,47.35,409.81,7.57,0.72,0
2025-09-18 11:32:34.105103,16.01,19.83,9.99,0.0,76.93,987.63,7.12,357.93,47.83,332.56,11.4,6.01,0
2025-09-18 12:32:34.105103,6.29,13.26,-0.09,0.0,89.43,990.99,3.87,262.2,29.21,570.44,4.17,0.0,0
2025-09-18 13:32:34.105103,8.34,14.8,1.31,0.0,88.06,989.16,8.86,288.6,29.31,539.97,5.95,0.0,0
2025-09-18 14:32:34.105103,8.37,12.47,4.02,0.0,96.54,984.87,5.35,323.08,38.77,548.27,7.68,0.0,0
2025-09-18 15:32:34.105103,6.51,9.92,-0.61,0.0,79.79,986.13,7.23,218.53,27.34,607.62,2.47,0.0,0
2025-09-18 16:32:34.105103,3.75,10.15,-1.74,0.0,100.0,989.69,4.98,279.67,47.24,404.8,3.75,0.0,0
2025-09-18 17:32:34.105103,3.98,10.25,0.59,0.0,97.72,988.85,2.96,269.09,24.39,463.52,3.52,0.0,0
2025-09-18 18:32:34.105103,3.21,7.57,-0.09,0.0,91.16,987.35,4.29,206.33,29.4,498.65,1.44,0.0,0
2025-09-18 19:32:34.105103,3.22,10.97,-1.45,0.0,91.8,987.65,6.47,214.79,56.29,135.22,1.58,0.0,0
2025-09-18 20:32:34.105103,6.69,10.45,-0.23,0.0,100.0,991.18,3.89,264.84,35.72,186.95,6.69,0.0,0
2025-09-18 21:32:34.105103,6.66,11.82,0.12,0.0,87.28,987.54,5.03,299.87,51.07,145.6,4.12,0.0,0
2025-09-18 22:32:34.105103,5.81,13.52,-1.14,0.0,87.52,988.83,3.86,206.77,42.32,232.14,3.31,0.0,0
2025-09-18 23:32:34.105103,10.44,15.54,4.85,0.0,92.03,995.6,3.41,172.04,22.92,70.37,8.84,0.44,0
2025-09-19 00:32:34.105103,10.78,16.97,5.58,0.0,87.53,984.78,2.11,322.23,45.12,0.0,8.28,0.78,0
2025-09-19 01:32:34.105103,13.34,18.33,9.6,0.0,77.3,983.5,2.31,276.32,32.47,0.0,8.8,3.34,0
2025-09-19 02:32:34.105103,14.42,18.79,9.78,0.0,81.45,991.4,3.13,316.75,31.17,189.81,10.71,4.42,0
2025-09-19 03:32:34.105103,12.75,20.67,7.58,0.0,77.75,987.02,3.7,342.38,36.32,242.6,8.3,2.75,0
2025-09-19 04:32:34.105103,14.24,19.29,10.8,0.0,86.15,988.1,7.49,282.65,42.82,268.18,11.47,4.24,0
2025-09-19 05:32:34.105103,17.45,24.92,13.35,0.0,81.13,986.71,3.16,223.21,42.64,247.89,13.68,7.45,0
2025-09-19 06:32:34.105103,17.38,21.53,11.39,0.0,78.58,988.27,3.12,173.95,46.07,269.71,13.1,7.38,0
2025-09-19 07:32:34.105103,15.92,19.98,9.24,0.0,79.93,993.85,10.16,200.71,39.05,322.2,11.9,5.92,0
2025-09-19 08:32:34.105103,15.59,18.75,7.6,0.0,87.42,991.46,6.95,275.63,24.95,524.15,13.08,5.59,0
2025-09-19 09:32:34.105103,16.96,23.22,9.3,0.0,76.56,991.64,16.12,246.38,28.54,474.13,12.27,6.96,0
2025-09-19 10:32:34.105103,11.98,16.82,5.77,0.0,78.12,984.81,5.98,276.1,63.49,223.25,7.6,1.98,0
2025-09-19 11:32:34.105103,12.81,20.13,7.7,0.0,85.03,985.6,3.22,335.45,44.76,416.95,9.82,2.81,0
2025-09-19 12:32:34.105103,9.76,15.12,3.58,0.0,97.79,980.54,2.2,298.88,67.59,234.83,9.32,0.0,0
2025-09-19 13:32:34.105103,8.17,16.02,1.25,0.0,84.66,986.63,5.22,188.21,51.29,359.48,5.11,0.0,0
2025-09-19 14:32:34.105103,9.36,13.29,5.77,0.0,86.15,991.92,9.85,290.9,40.49,483.15,6.59,0.0,0
2025-09-19 15:32:34.105103,7.57,14.91,2.52,0.79,100.0,990.6,3.43,338.02,88.01,92.54,7.57,0.0,0
2025-09-19 16:32:34.105103,6.59,13.48,-0.61,0.0,91.84,988.39,5.71,314.95,40.55,397.45,4.96,0.0,0
2025-09-19 17:32:34.105103,6.98,13.83,2.06,0.0,86.62,988.99,3.1,347.69,20.93,510.98,4.3,0.0,0
2025-09-19 18:32:34.105103,4.21,11.43,-1.65,3.9,100.0,986.99,3.27,295.96,85.18,34.26,4.21,0.0,0
2025-09-19 19:32:34.105103,5.73,12.54,-0.21,0.0,100.0,989.67,4.01,271.84,57.11,214.16,5.73,0.0,0
2025-09-19 20:32:34.105103,4.35,10.48,0.42,0.0,96.46,991.35,7.77,218.24,37.23,258.59,3.64,0.0,0
2025-09-19 21:32:34.105103,6.57,10.23,1.76,0.0,87.63,984.21,4.67,153.65,42.93,99.56,4.09,0.0,0
2025-09-19 22:32:34.105103,6.9,10.07,2.23,0.0,83.9,989.95,5.15,320.78,45.47,162.7,3.68,0.0,0
2025-09-19 23:32:34.105103,8.8,16.41,5.67,0.0,90.08,991.85,3.63,235.96,30.95,28.04,6.82,0.0,0
2025-09-20 00:32:34.105103,11.33,17.41,8.21,0.0,90.53,987.78,4.59,268.83,35.75,4.52,9.43,1.33,0
2025-09-20 01:32:34.105103,10.05,17.04,2.89,0.89,100.0,991.12,4.63,205.36,74.82,84.51,10.05,0.05,0
2025-09-20 02:32:34.105103,17.32,22.73,12.96,0.0,76.01,997.46,5.64,208.51,24.78,202.03,12.52,7.32,0
2025-09-20 03:32:34.105103,12.37,15.95,6.78,0.0,80.5,988.71,3.74,326.21,22.38,239.36,8.47,2.37,0
2025-09-20 04:32:34.105103,12.9,16.53,8.41,0.0,77.18,990.2,4.94,268.66,24.59,283.53,8.34,2.9,0
2025-09-20 05:32:34.105103,18.25,24.68,10.54,0.0,78.8,986.81,2.17,252.27,48.6,297.72,14.01,8.25,0
2025-09-20 06:32:34.105103,17.72,22.87,13.42,0.0,79.99,989.56,2.51,238.2,25.84,453.25,13.72,7.72,0
2025-09-20 07:32:34.105103,17.18,21.18,12.03,0.0,68.5,990.4,4.58,222.96,30.51,410.09,10.88,7.18,0
2025-09-20 08:32:34.105103,16.59,22.05,9.23,0.0,85.07,989.61,2.82,238.72,32.5,427.88,13.6,6.59,0
2025-09-20 09:32:34.105103,14.35,17.68,7.15,0.0,83.34,985.96,5.67,213.2,48.46,277.33,11.02,4.35,0
2025-09-20 10:32:34.105103,11.34,17.25,7.41,0.0,91.98,989.64,4.2,202.13,54.1,362.36,9.74,1.34,0
2025-09-20 11:32:34.105103,11.84,16.19,4.83,0.0,77.53,993.41,5.03,202.19,42.4,452.69,7.35,1.84,0
2025-09-20 12:32:34.105103,8.78,15.77,3.49,3.63,97.0,990.37,6.73,303.19,86.56,164.33,8.18,0.0,0
2025-09-20 13:32:34.105103,10.53,15.09,5.12,0.0,85.45,991.91,4.09,236.47,35.42,530.2,7.62,0.53,0
2025-09-20 14:32:34.105103,6.84,12.12,3.18,0.0,94.25,988.31,2.55,185.64,30.21,606.04,5.69,0.0,0
2025-09-20 15:32:34.105103,4.24,7.3,0.84,0.0,100.0,991.27,3.21,258.09,64.44,227.99,4.24,0.0,0
2025-09-20 16:32:34.105103,4.3,7.66,-2.34,0.0,99.08,989.86,6.92,223.76,36.95,493.76,4.11,0.0,0
2025-09-20 17:32:34.105103,5.17,10.13,-0.32,1.77,100.0,986.17,8.76,282.03,91.64,26.64,5.17,0.0,0
2025-09-20 18:32:34.105103,3.01,8.41,-2.18,0.0,92.35,989.98,3.67,8.9,51.77,311.69,1.48,0.0,0
2025-09-20 19:32:34.105103,2.7,8.7,-3.95,0.0,100.0,986.05,4.52,244.4,39.45,221.96,2.7,0.0,0
2025-09-20 20:32:34.105103,5.43,9.89,-1.4,0.0,89.03,987.12,2.43,294.92,49.9,212.17,3.23,0.0,0
2025-09-20 21:32:34.105103,6.38,12.86,2.59,0.0,100.0,989.59,5.48,240.65,52.64,45.75,6.38,0.0,0
2025-09-20 22:32:34.105103,6.12,13.42,0.07,0.0,91.39,989.91,6.53,278.95,57.98,73.65,4.4,0.0,0
2025-09-20 23:32:34.105103,7.64,14.54,3.96,0.99,100.0,985.45,3.97,286.59,80.31,42.58,7.64,0.0,0
2025-09-21 00:32:34.105103,10.58,13.77,3.82,0.0,89.53,992.15,6.27,241.9,26.91,0.0,8.48,0.58,0
2025-09-21 01:32:34.105103,8.77,14.17,2.48,0.0,88.16,990.71,6.84,303.19,34.03,16.37,6.4,0.0,0
2025-09-21 02:32:34.105103,10.3,13.82,2.51,0.0,83.96,986.88,3.86,321.02,39.07,168.47,7.09,0.3,0
2025-09-21 03:32:34.105103,12.92,17.13,9.57,0.0,80.92,984.38,2.82,277.72,36.04,190.63,9.1,2.92,0
2025-09-21 04:32:34.105103,14.88,22.81,11.6,0.0,81.82,988.56,5.18,304.67,31.98,247.62,11.25,4.88,0
2025-09-21 05:32:34.105103,16.53,20.24,12.12,0.0,77.59,987.65,4.55,292.52,14.7,417.5,12.05,6.53,0
2025-09-21 06:32:34.105103,19.06,24.56,14.75,0.0,70.44,989.33,3.79,280.13,34.92,499.96,13.15,9.06,0
2025-09-21 07:32:34.105103,17.62,23.71,13.39,0.0,74.74,987.9,3.32,253.65,52.09,361.74,12.57,7.62,0
2025-09-21 08:32:34.105103,14.99,21.5,7.46,0.0,79.91,982.97,6.69,279.5,39.6,476.61,10.97,4.99,0
2025-09-21 09:32:34.105103,14.32,20.12,10.07,0.0,69.88,987.83,8.88,276.92,36.03,494.57,8.29,4.32,0
2025-09-21 10:32:34.105103,11.11,14.16,6.75,0.0,87.63,988.07,4.71,316.08,44.54,436.89,8.63,1.11,0
2025-09-21 11:32:34.105103,11.63,16.26,4.83,0.0,79.66,990.89,2.46,221.66,38.8,365.61,7.56,1.63,0
2025-09-21 12:32:34.105103,9.54,15.12,4.29,0.0,81.93,986.9,5.0,233.97,45.28,403.79,5.92,0.0,0
2025-09-21 13:32:34.105103,9.2,12.64,2.32,0.0,79.76,994.03,4.71,294.99,38.83,461.13,5.16,0.0,0
2025-09-21 14:32:34.105103,5.46,10.21,2.13,0.0,84.84,983.26,3.81,206.09,34.3,413.98,2.43,0.0,0
2025-09-21 15:32:34.105103,6.91,10.07,1.47,0.0,84.86,992.92,3.37,250.93,29.47,463.42,3.88,0.0,0
2025-09-21 16:32:34.105103,7.98,11.37,4.81,0.0,86.48,988.32,4.49,188.77,35.75,346.09,5.28,0.0,0
2025-09-21 17:32:34.105103,4.1,9.08,0.79,0.0,100.0,991.57,5.96,203.4,48.14,327.22,4.1,0.0,0
2025-09-21 18:32:34.105103,4.92,8.58,-2.62,0.0,92.0,989.23,4.04,242.28,37.84,392.58,3.32,0.0,0
2025-09-21 19:32:34.105103,5.7,11.53,2.0,0.0,94.34,992.41,3.69,187.39,45.31,321.66,4.57,0.0,0
2025-09-21 20:32:34.105103,4.11,10.56,-1.55,0.0,97.83,987.83,4.35,218.55,48.31,227.51,3.68,0.0,0
2025-09-21 21:32:34.105103,6.32,13.32,1.26,0.0,93.18,985.69,5.2,281.57,49.92,105.15,4.95,0.0,0
2025-09-21 22:32:34.105103,7.14,11.14,2.4,0.0,90.91,993.25,4.8,291.08,53.28,0.13,5.32,0.0,0
2025-09-21 23:32:34.105103,8.75,12.59,1.26,0.0,82.89,988.65,4.66,232.23,37.23,0.0,5.33,0.0,0
2025-09-22 00:32:34.105103,8.54,12.07,5.44,0.0,96.44,989.63,3.45,205.03,30.14,0.0,7.83,0.0,0
2025-09-22 01:32:34.105103,11.69,17.87,5.37,0.0,93.5,992.67,6.17,281.07,38.3,19.99,10.39,1.69,0
2025-09-22 02:32:34.105103,14.09,20.62,6.27,0.0,72.46,985.87,7.62,228.73,31.67,133.5,8.58,4.09,0
2025-09-22 03:32:34.105103,17.24,20.39,11.43,0.0,71.03,990.75,4.6,253.08,12.16,218.22,11.44,7.24,0
2025-09-22 04:32:34.105103,17.21,24.89,9.52,0.0,74.79,987.19,6.44,248.31,46.28,231.82,12.16,7.21,0
2025-09-22 05:32:34.105103,20.19,23.45,16.93,0.0,66.89,988.57,5.04,315.91,29.87,329.94,13.57,10.19,1
2025-09-22 06:32:34.105103,14.56,20.26,9.46,0.0,82.7,989.18,3.06,288.08,40.16,339.02,11.1,4.56,0
2025-09-22 07:32:34.105103,17.63,24.18,13.33,0.0,71.91,984.46,6.0,295.41,44.61,408.55,12.01,7.63,0
2025-09-22 08:32:34.105103,15.65,23.01,9.0,0.0,89.35,986.63,4.51,298.51,33.37,402.61,13.52,5.65,0
2025-09-22 09:32:34.105103,18.71,25.28,10.81,0.0,79.88,993.02,6.28,260.54,40.68,459.36,14.69,8.71,0
2025-09-22 10:32:34.105103,11.47,18.48,7.19,0.0,85.85,991.62,8.89,278.04,36.83,487.46,8.64,1.47,0
2025-09-22 11:32:34.105103,9.96,14.66,3.69,0.0,92.19,988.78,3.96,291.46,39.25,465.14,8.4,0.0,0
2025-09-22 12:32:34.105103,8.89,15.97,4.9,0.0,94.19,989.69,3.12,223.47,34.37,569.27,7.73,0.0,0
2025-09-22 13:32:34.105103,4.29,7.69,-1.54,0.0,92.75,988.08,3.47,270.48,58.03,376.85,2.84,0.0,0
2025-09-22 14:32:34.105103,6.04,13.51,0.72,0.0,88.86,993.03,5.91,319.3,35.68,449.74,3.81,0.0,0
2025-09-22 15:32:34.105103,4.33,10.07,-3.53,0.0,95.9,988.36,5.86,254.52,49.94,360.87,3.51,0.0,0
2025-09-22 16:32:34.105103,5.2,12.28,-0.85,0.0,98.52,989.66,6.06,197.24,25.51,530.16,4.9,0.0,0
2025-09-22 17:32:34.105103,4.98,10.24,0.23,0.0,95.23,992.4,3.94,172.34,54.41,275.68,4.02,0.0,0
2025-09-22 18:32:34.105103,7.84,14.06,4.27,0.0,82.35,986.63,4.81,249.15,46.7,330.78,4.31,0.0,0
2025-09-22 19:32:34.105103,6.2,11.83,2.44,0.0,88.69,993.64,4.61,284.19,40.32,304.7,3.93,0.0,0
2025-09-22 20:32:34.105103,3.74,10.4,-0.39,0.0,96.02,984.37,8.46,293.91,40.74,328.67,2.94,0.0,0
2025-09-22 21:32:34.105103,4.05,7.46,-0.2,0.0,95.55,993.85,3.77,217.87,46.77,86.44,3.16,0.0,0
2025-09-22 22:32:34.105103,8.07,11.38,0.82,0.65,100.0,987.85,3.6,328.99,100.0,0.0,8.07,0.0,0
2025-09-22 23:32:34.105103,5.9,10.13,0.09,0.0,86.22,988.24,3.8,285.62,20.48,37.61,3.14,0.0,0
2025-09-23 00:32:34.105103,13.73,17.53,8.12,0.0,83.93,983.27,7.19,282.61,44.78,30.21,10.52,3.73,0
2025-09-23 01:32:34.105103,13.98,21.34,10.41,0.0,88.47,987.57,6.41,299.91,30.12,0.0,11.68,3.98,0
2025-09-23 02:32:34.105103,12.13,16.23,4.83,0.0,95.16,985.82,2.87,303.82,42.38,136.62,11.16,2.13,0
2025-09-23 03:32:34.105103,10.89,18.77,4.27,0.0,83.65,987.12,2.83,236.1,34.34,169.5,7.62,0.89,0
2025-09-23 04:32:34.105103,17.97,22.66,14.64,0.0,77.49,988.53,5.43,290.28,29.46,245.44,13.47,7.97,0
2025-09-23 05:32:34.105103,15.64,19.55,9.1,0.0,81.39,991.81,4.45,350.73,35.59,241.35,11.92,5.64,0
2025-09-23 06:32:34.105103,18.55,25.5,12.83,0.0,75.16,989.56,2.44,220.59,21.24,422.3,13.58,8.55,0
2025-09-23 07:32:34.105103,12.68,18.97,9.27,0.0,82.49,989.86,2.88,158.41,46.54,393.55,9.18,2.68,0
2025-09-23 08:32:34.105103,14.07,19.56,8.78,0.0,83.08,985.65,4.54,273.01,18.6,562.72,10.68,4.07,0
2025-09-23 09:32:34.105103,14.32,20.1,8.9,0.0,67.85,986.3,13.44,262.52,34.32,516.8,7.89,4.32,0
2025-09-23 10:32:34.105103,13.17,19.76,9.34,0.0,85.66,994.34,6.01,235.11,34.57,588.87,10.3,3.17,0
2025-09-23 11:32:34.105103,10.72,14.87,3.0,0.0,86.55,986.73,3.18,257.6,26.56,595.66,8.03,0.72,0
2025-09-23 12:32:34.105103,11.32,19.3,4.07,0.0,83.91,993.91,8.35,225.97,38.98,460.22,8.1,1.32,0
2025-09-23 13:32:34.105103,6.38,14.26,0.04,0.0,100.0,988.21,3.06,358.87,29.43,583.09,6.38,0.0,0
2025-09-23 14:32:34.105103,6.79,13.04,1.47,0.0,88.45,988.95,3.6,306.29,39.62,439.37,4.48,0.0,0
2025-09-23 15:32:34.105103,6.07,10.07,1.01,0.0,90.88,992.15,8.22,257.18,26.21,520.15,4.25,0.0,0
2025-09-23 16:32:34.105103,5.9,12.3,-0.35,0.0,100.0,992.75,3.05,267.86,49.61,273.1,5.9,0.0,0
2025-09-23 17:32:34.105103,5.7,9.06,-0.03,0.0,89.29,988.61,8.9,358.03,30.4,488.04,3.56,0.0,0
2025-09-23 18:32:34.105103,1.82,4.98,-1.49,0.0,96.52,987.77,2.31,233.54,38.75,327.19,1.13,0.0,0
2025-09-23 19:32:34.105103,1.21,5.5,-4.36,0.0,99.45,988.77,5.53,256.1,47.67,263.97,1.1,0.0,0
2025-09-23 20:32:34.105103,7.43,12.74,0.4,0.0,95.06,989.95,4.99,238.82,34.8,208.99,6.44,0.0,0
2025-09-23 21:32:34.105103,6.49,13.83,1.2,0.0,93.3,991.61,6.98,301.45,41.07,202.21,5.15,0.0,0
2025-09-23 22:32:34.105103,5.57,12.21,2.31,0.0,87.18,988.95,4.89,312.57,23.45,120.4,3.01,0.0,0
2025-09-23 23:32:34.105103,11.62,18.33,4.69,0.0,81.91,990.8,5.05,322.34,42.26,53.2,8.0,1.62,0
2025-09-24 00:32:34.105103,10.29,15.41,6.28,0.0,83.54,993.83,3.5,295.8,54.42,43.89,6.99,0.29,0
2025-09-24 01:32:34.105103,13.97,18.7,9.67,0.0,80.67,990.06,4.1,287.05,63.25,77.91,10.1,3.97,0
2025-09-24 02:32:34.105103,13.19,18.04,9.37,0.0,84.35,989.85,8.47,257.59,38.08,127.1,10.06,3.19,0
2025-09-24 03:32:34.105103,18.42,26.36,13.77,0.0,76.46,984.36,5.46,235.0,41.11,91.87,13.71,8.42,0
2025-09-24 04:32:34.105103,18.76,21.96,11.98,0.0,64.98,981.03,5.92,240.22,9.68,510.91,11.76,8.76,1
2025-09-24 05:32:34.105103,15.35,22.69,9.75,0.0,84.29,990.08,5.07,300.03,52.17,320.21,12.21,5.35,0
2025-09-24 06:32:34.105103,18.0,23.89,13.97,0.0,76.27,988.63,4.23,305.92,40.9,370.48,13.25,8.0,0
2025-09-24 07:32:34.105103,17.14,22.33,9.75,0.0,83.21,987.37,2.46,200.77,31.77,395.4,13.78,7.14,0
2025-09-24 08:32:34.105103,17.99,24.61,10.59,0.0,77.24,989.65,7.74,218.3,45.99,368.5,13.44,7.99,0
2025-09-24 09:32:34.105103,12.37,17.8,5.01,0.0,88.96,988.74,6.2,193.65,36.93,438.96,10.16,2.37,0
2025-09-24 10:32:34.105103,14.43,21.79,10.23,0.0,82.69,992.3,4.64,323.52,31.77,590.46,10.96,4.43,0
2025-09-24 11:32:34.105103,13.72,21.23,8.47,0.0,88.15,989.18,3.3,5.44,43.83,458.67,11.35,3.72,0
2025-09-24 12:32:34.105103,6.54,11.65,-1.39,0.0,94.81,986.68,6.44,243.48,31.77,506.63,5.5,0.0,0
2025-09-24 13:32:34.105103,6.13,10.52,-0.73,0.0,92.31,991.89,3.22,319.42,51.37,362.17,4.6,0.0,0
2025-09-24 14:32:34.105103,2.98,8.94,-0.16,0.0,100.0,988.27,5.98,204.59,34.44,562.67,2.98,0.0,0
2025-09-24 15:32:34.105103,5.27,12.83,1.95,0.0,98.54,990.5,3.56,243.45,33.77,569.53,4.98,0.0,0
2025-09-24 16:32:34.105103,6.29,10.35,0.97,0.0,95.43,987.49,5.23,240.29,33.62,536.33,5.38,0.0,0
2025-09-24 17:32:34.105103,7.26,13.38,-0.28,0.0,84.72,986.97,8.05,294.35,44.96,387.2,4.21,0.0,0
2025-09-24 18:32:34.105103,4.2,10.36,-1.49,0.0,89.26,989.17,4.86,234.96,33.46,363.78,2.05,0.0,0
2025-09-24 19:32:34.105103,7.52,14.18,2.03,0.0,92.19,988.96,5.7,43.06,27.62,190.45,5.95,0.0,0
2025-09-24 20:32:34.105103,2.1,5.76,-1.43,0.0,99.58,990.36,10.02,194.16,38.73,259.92,2.01,0.0,0
2025-09-24 21:32:34.105103,2.4,8.98,-3.88,0.0,95.32,988.11,5.37,263.68,42.34,176.43,1.47,0.0,0
2025-09-24 22:32:34.105103,6.94,14.49,-0.17,0.0,92.29,983.41,3.19,258.21,29.34,153.31,5.4,0.0,0
2025-09-24 23:32:34.105103,9.27,13.17,4.37,0.0,96.04,987.62,6.07,267.96,31.5,74.22,8.48,0.0,0
2025-09-25 00:32:34.105103,9.97,14.16,3.1,0.0,90.52,991.28,4.03,225.23,61.37,0.0,8.08,0.0,0
2025-09-25 01:32:34.105103,7.46,15.31,-0.37,0.0,85.11,988.01,9.0,284.96,28.95,102.06,4.48,0.0,0
2025-09-25 02:32:34.105103,12.86,16.77,8.84,0.0,82.15,988.16,3.96,197.33,32.85,170.66,9.29,2.86,0
2025-09-25 03:32:34.105103,11.67,18.94,6.06,0.0,80.47,991.86,3.98,286.36,31.56,243.64,7.77,1.67,0
2025-09-25 04:32:34.105103,16.57,22.04,12.14,0.0,75.2,986.76,5.64,330.55,28.39,333.78,11.61,6.57,0
2025-09-25 05:32:34.105103,16.57,20.8,9.6,0.0,75.08,984.27,5.16,209.81,38.75,328.48,11.58,6.57,0
2025-09-25 06:32:34.105103,14.16,21.51,8.27,2.24,93.37,988.42,6.03,219.61,91.17,29.46,12.83,4.16,0
2025-09-25 07:32:34.105103,14.81,20.03,8.63,0.13,88.51,987.45,3.82,296.83,76.2,147.53,12.51,4.81,0
2025-09-25 08:32:34.105103,13.12,18.69,6.13,0.0,81.69,986.0,6.45,292.01,23.48,534.71,9.45,3.12,0
2025-09-25 09:32:34.105103,14.16,18.95,9.18,0.0,77.96,988.37,2.57,262.06,46.73,399.14,9.75,4.16,0
2025-09-25 10:32:34.105103,14.95,20.91,7.37,0.0,64.93,990.37,3.66,280.97,26.51,617.79,7.94,4.95,0
2025-09-25 11:32:34.105103,9.62,13.44,3.96,0.0,97.83,988.87,5.9,166.75,61.22,339.77,9.19,0.0,0
2025-09-25 12:32:34.105103,11.05,16.0,7.26,0.0,90.87,989.82,2.44,153.45,17.98,760.02,9.22,1.05,0
2025-09-25 13:32:34.105103,7.43,15.27,0.95,0.0,88.98,994.34,5.52,325.38,41.44,574.76,5.22,0.0,0
2025-09-25 14:32:34.105103,5.45,9.74,-1.51,0.0,93.91,987.87,5.12,239.76,61.14,304.25,4.24,0.0,0
2025-09-25 15:32:34.105103,5.58,11.87,1.0,0.0,87.77,989.73,3.44,331.93,35.35,285.99,3.14,0.0,0
2025-09-25 16:32:34.105103,2.77,7.4,-4.51,0.0,100.0,987.37,5.52,319.74,42.75,458.52,2.77,0.0,0
2025-09-25 17:32:34.105103,3.14,10.0,-4.39,0.0,100.0,986.36,3.52,249.59,47.96,303.3,3.14,0.0,0
2025-09-25 18:32:34.105103,1.64,5.3,-2.74,0.0,100.0,987.14,6.22,264.14,39.41,302.66,1.64,0.0,0
2025-09-25 19:32:34.105103,8.17,16.02,0.26,0.0,94.86,987.46,5.28,233.92,39.31,275.65,7.14,0.0,0
2025-09-25 20:32:34.105103,4.91,10.18,1.21,0.0,95.51,989.98,6.9,320.02,39.37,220.17,4.01,0.0,0
2025-09-25 21:32:34.105103,4.4,8.58,0.39,0.0,88.72,995.95,11.25,161.28,33.09,235.47,2.14,0.0,0
2025-09-25 22:32:34.105103,7.47,10.83,3.55,0.0,88.74,986.75,5.31,327.41,51.66,22.12,5.22,0.0,0
2025-09-25 23:32:34.105103,8.26,12.11,0.79,0.0,90.27,987.65,7.35,289.07,44.74,3.81,6.32,0.0,0
2025-09-26 00:32:34.105103,9.58,15.18,3.31,0.0,85.35,988.69,2.93,278.46,40.18,17.16,6.65,0.0,0
2025-09-26 01:32:34.105103,12.81,17.49,9.05,0.0,81.69,990.07,5.89,319.52,43.93,89.69,9.15,2.81,0
2025-09-26 02:32:34.105103,14.54,21.69,9.34,0.0,79.73,989.67,2.26,206.12,32.22,172.42,10.49,4.54,0
2025-09-26 03:32:34.105103,13.21,18.36,7.13,0.0,81.78,992.74,6.06,314.04,28.15,180.62,9.56,3.21,0
2025-09-26 04:32:34.105103,14.07,18.31,10.65,0.0,81.15,981.6,2.95,226.01,29.55,232.88,10.3,4.07,0
2025-09-26 05:32:34.105103,15.27,21.36,7.86,0.0,73.79,981.72,6.47,203.47,31.91,306.26,10.03,5.27,0
2025-09-26 06:32:34.105103,11.42,17.96,4.4,0.0,81.28,987.4,7.71,189.95,25.05,435.99,7.68,1.42,0
2025-09-26 07:32:34.105103,12.79,16.63,7.27,0.0,76.39,992.18,5.86,237.09,28.19,530.03,8.07,2.79,0
2025-09-26 08:32:34.105103,17.96,21.79,10.12,0.0,79.95,984.19,2.44,249.66,29.82,383.88,13.95,7.96,0
2025-09-26 09:32:34.105103,17.56,20.74,12.47,0.0,65.13,979.86,3.84,296.16,48.81,367.3,10.59,7.56,0
2025-09-26 10:32:34.105103,12.53,19.21,4.61,0.0,88.97,990.6,10.79,234.72,11.75,615.31,10.32,2.53,0
2025-09-26 11:32:34.105103,12.73,19.05,6.39,0.0,89.83,989.61,5.76,339.72,38.12,408.19,10.7,2.73,0
2025-09-26 12:32:34.105103,10.65,16.02,4.48,0.0,84.52,985.61,6.3,220.08,54.51,412.23,7.55,0.65,0
2025-09-26 13:32:34.105103,14.63,21.85,10.8,0.0,67.04,985.93,3.05,351.06,29.74,584.53,8.04,4.63,0
2025-09-26 14:32:34.105103,9.27,16.29,1.86,0.0,86.29,985.97,3.23,315.26,45.68,442.21,6.52,0.0,0
2025-09-26 15:32:34.105103,5.53,11.46,0.39,0.0,93.39,989.22,4.2,226.74,42.69,469.62,4.21,0.0,0
2025-09-26 16:32:34.105103,2.92,10.26,-0.89,0.0,92.57,987.0,6.91,262.03,34.61,429.05,1.43,0.0,0
2025-09-26 17:32:34.105103,1.02,5.05,-2.04,0.0,97.9,990.37,3.32,245.53,21.53,476.41,0.6,0.0,0
2025-09-26 18:32:34.105103,4.43,7.99,-1.37,0.0,100.0,980.32,10.32,212.36,47.05,408.79,4.43,0.0,0
2025-09-26 19:32:34.105103,2.72,7.07,-2.92,0.0,100.0,986.31,2.63,344.29,37.24,293.3,2.72,0.0,0
2025-09-26 20:32:34.105103,1.99,5.27,-4.61,0.0,94.4,985.51,4.18,236.04,34.2,299.97,0.87,0.0,0
2025-09-26 21:32:34.105103,4.49,10.15,-2.96,0.0,87.28,988.11,8.22,237.03,33.65,203.45,1.95,0.0,0
2025-09-26 22:32:34.105103,4.86,12.55,1.47,0.0,93.07,987.27,3.05,245.62,58.98,0.0,3.48,0.0,0
2025-09-26 23:32:34.105103,11.85,15.04,5.19,0.0,83.16,991.28,3.73,222.34,60.63,0.0,8.48,1.85,0
2025-09-27 00:32:34.105103,11.78,15.39,7.84,0.0,86.81,983.29,4.86,211.38,40.58,0.0,9.14,1.78,0
2025-09-27 01:32:34.105103,11.55,16.81,4.26,0.0,81.99,989.01,3.06,341.7,31.35,124.49,7.95,1.55,0
2025-09-27 02:32:34.105103,15.98,23.65,8.88,0.0,80.59,990.55,2.51,251.78,23.52,197.76,12.1,5.98,0
2025-09-27 03:32:34.105103,14.41,18.99,8.71,0.0,90.05,994.44,3.38,308.99,44.71,214.96,12.42,4.41,0
2025-09-27 04:32:34.105103,13.49,19.03,6.94,0.0,85.84,987.43,7.71,266.98,55.75,127.65,10.66,3.49,0
2025-09-27 05:32:34.105103,18.86,22.07,14.29,0.0,73.47,989.84,4.17,271.17,29.26,425.29,13.55,8.86,0
2025-09-27 06:32:34.105103,17.09,20.84,11.74,0.0,75.44,983.46,3.02,272.17,8.93,466.92,12.18,7.09,0
2025-09-27 07:32:34.105103,13.74,21.67,6.63,0.0,79.61,981.69,3.05,216.54,41.51,381.9,9.66,3.74,0
2025-09-27 08:32:34.105103,14.83,22.66,9.54,0.0,85.65,991.41,6.72,261.92,47.68,361.96,11.96,4.83,0
2025-09-27 09:32:34.105103,12.51,15.53,7.72,0.0,80.1,988.85,3.42,286.53,19.19,588.56,8.53,2.51,0
2025-09-27 10:32:34.105103,10.25,18.01,4.78,0.0,86.85,992.41,5.45,287.79,40.19,529.11,7.62,0.25,0
2025-09-27 11:32:34.105103,13.42,19.62,6.28,0.0,82.12,984.75,3.96,199.49,40.57,436.09,9.85,3.42,0
2025-09-27 12:32:34.105103,13.84,21.18,9.16,0.0,78.74,990.43,5.22,320.19,33.64,463.42,9.58,3.84,0
2025-09-27 13:32:34.105103,5.67,10.94,1.8,0.0,86.64,994.48,6.73,199.08,30.41,552.95,2.99,0.0,0
2025-09-27 14:32:34.105103,8.14,13.72,1.58,0.0,91.4,990.13,6.98,311.2,50.86,359.73,6.42,0.0,0
2025-09-27 15:32:34.105103,4.47,9.92,-2.66,0.0,94.99,989.7,3.14,197.69,38.46,623.72,3.47,0.0,0
2025-09-27 16:32:34.105103,3.85,10.18,0.34,0.0,98.73,988.9,4.21,335.85,29.51,522.17,3.59,0.0,0
2025-09-27 17:32:34.105103,3.04,6.73,-1.16,0.0,94.78,984.16,3.68,258.73,21.89,475.26,1.99,0.0,0
2025-09-27 18:32:34.105103,2.29,5.44,-1.42,0.0,100.0,992.94,7.42,185.86,57.61,187.0,2.29,0.0,0
2025-09-27 19:32:34.105103,4.32,8.86,-0.42,0.0,91.14,987.04,3.12,328.25,46.74,165.39,2.55,0.0,0
2025-09-27 20:32:34.105103,3.16,9.68,-2.09,0.0,100.0,990.38,5.38,181.99,45.88,165.22,3.16,0.0,0
2025-09-27 21:32:34.105103,6.31,10.32,-0.43,0.0,83.79,984.18,5.26,244.88,32.49,212.42,3.07,0.0,0
2025-09-27 22:32:34.105103,6.92,13.28,0.66,0.0,93.8,985.33,3.22,206.79,36.61,202.62,5.68,0.0,0
2025-09-27 23:32:34.105103,7.99,15.84,1.88,0.0,92.4,993.18,2.51,182.28,30.44,128.72,6.47,0.0,0
2025-09-28 00:32:34.105103,8.19,11.66,3.43,0.0,85.73,987.82,3.47,275.36,33.55,11.45,5.34,0.0,0
2025-09-28 01:32:34.105103,10.41,16.77,3.2,0.0,88.51,993.22,3.98,211.06,18.05,69.41,8.11,0.41,0
2025-09-28 02:32:34.105103,14.52,19.74,9.16,0.0,86.62,988.63,4.07,270.57,30.95,156.42,11.84,4.52,0
2025-09-28 03:32:34.105103,15.25,22.59,7.36,0.0,68.04,983.34,3.92,224.93,25.91,200.9,8.86,5.25,0
2025-09-28 04:32:34.105103,13.25,17.14,7.08,0.0,84.64,991.54,5.97,298.69,43.42,312.25,10.18,3.25,0
2025-09-28 05:32:34.105103,16.0,22.47,12.37,0.0,65.53,987.09,6.41,284.76,27.37,344.28,9.11,6.0,0
2025-09-28 06:32:34.105103,17.51,24.7,11.13,0.0,70.9,990.96,7.21,280.02,38.4,344.14,11.69,7.51,0
2025-09-28 07:32:34.105103,12.47,20.19,7.84,0.0,91.45,988.94,3.35,198.96,54.21,179.8,10.76,2.47,0
2025-09-28 08:32:34.105103,16.29,22.71,9.86,0.0,74.65,984.23,4.29,241.71,42.91,385.77,11.22,6.29,0
2025-09-28 09:32:34.105103,12.93,18.41,9.58,0.0,76.74,989.35,8.46,247.48,38.08,499.51,8.27,2.93,0
2025-09-28 10:32:34.105103,14.15,20.24,10.28,0.0,79.79,995.45,4.21,297.08,35.01,448.81,10.11,4.15,0
2025-09-28 11:32:34.105103,10.04,17.38,2.76,0.0,97.29,990.34,3.62,180.13,33.84,487.25,9.49,0.04,0
2025-09-28 12:32:34.105103,6.4,12.25,2.26,0.0,83.24,988.69,5.7,224.63,44.02,487.47,3.05,0.0,0
2025-09-28 13:32:34.105103,5.2,8.35,-1.98,0.0,88.94,992.09,6.08,219.81,56.27,273.03,2.99,0.0,0
2025-09-28 14:32:34.105103,7.11,14.76,2.71,0.0,98.83,989.49,4.22,301.93,47.84,455.98,6.87,0.0,0
2025-09-28 15:32:34.105103,6.29,12.73,0.07,0.0,100.0,989.49,3.81,328.27,64.17,238.19,6.29,0.0,0
2025-09-28 16:32:34.105103,3.0,9.39,-3.47,0.0,96.98,985.59,2.99,202.48,28.23,477.79,2.4,0.0,0
2025-09-28 17:32:34.105103,5.49,9.57,-0.07,0.0,87.57,989.56,3.88,190.44,27.24,405.58,3.0,0.0,0
2025-09-28 18:32:34.105103,0.69,6.98,-3.84,0.0,100.0,991.97,2.74,228.27,53.55,281.65,0.69,0.0,0
2025-09-28 19:32:34.105103,4.08,9.05,0.02,4.14,100.0,986.35,7.27,236.58,87.64,183.17,4.08,0.0,0
2025-09-28 20:32:34.105103,2.39,8.65,-0.78,0.0,100.0,993.13,2.6,189.7,58.14,206.52,2.39,0.0,0
2025-09-28 21:32:34.105103,4.46,8.0,-0.06,0.0,91.24,988.59,3.47,297.84,40.47,139.04,2.71,0.0,0
2025-09-28 22:32:34.105103,7.1,13.39,0.84,0.0,91.1,986.2,4.9,171.89,31.87,197.85,5.32,0.0,0
2025-09-28 23:32:34.105103,6.74,14.73,-0.96,0.0,91.1,991.85,4.63,252.66,38.41,48.48,4.95,0.0,0
2025-09-29 00:32:34.105103,9.23,12.48,1.88,0.0,89.8,987.99,3.23,217.26,24.57,68.72,7.2,0.0,0
2025-09-29 01:32:34.105103,13.57,21.46,6.74,0.0,88.9,991.13,5.14,295.91,28.16,115.34,11.35,3.57,0
2025-09-29 02:32:34.105103,11.85,16.88,4.91,0.0,88.62,987.98,2.77,298.05,49.04,0.0,9.57,1.85,0
2025-09-29 03:32:34.105103,15.92,23.27,9.59,0.0,72.74,988.68,4.93,326.13,40.1,133.19,10.46,5.92,0
2025-09-29 04:32:34.105103,12.94,19.85,8.64,1.23,100.0,990.34,3.35,199.47,88.63,92.7,12.94,2.94,0
2025-09-29 05:32:34.105103,16.86,22.69,9.32,0.0,78.28,989.73,2.71,298.24,16.93,412.15,12.51,6.86,0
2025-09-29 06:32:34.105103,18.89,25.58,12.53,0.0,77.11,982.87,3.99,283.11,29.97,344.97,14.31,8.89,0
2025-09-29 07:32:34.105103,10.86,18.25,5.05,0.0,93.05,985.49,6.62,317.76,29.27,417.2,9.47,0.86,0
2025-09-29 08:32:34.105103,13.61,18.63,10.05,0.0,76.03,991.64,3.29,284.29,44.78,287.25,8.81,3.61,0
2025-09-29 09:32:34.105103,15.4,20.04,10.17,0.0,78.72,988.46,6.07,30.9,28.52,523.87,11.14,5.4,0
2025-09-29 10:32:34.105103,12.6,18.94,7.3,0.0,80.45,987.28,4.4,285.19,24.37,694.99,8.69,2.6,0
2025-09-29 11:32:34.105103,12.3,19.34,4.98,0.0,75.71,984.78,3.04,191.39,33.15,570.44,7.44,2.3,0
2025-09-29 12:32:34.105103,8.8,15.61,3.06,0.0,90.54,985.62,3.81,247.35,33.87,638.57,6.9,0.0,0
2025-09-29 13:32:34.105103,8.62,15.61,3.72,0.0,100.0,982.79,4.19,225.96,59.84,362.67,8.62,0.0,0
2025-09-29 14:32:34.105103,6.69,11.87,-1.19,0.0,82.76,988.55,2.61,173.23,29.03,599.77,3.24,0.0,0
2025-09-29 15:32:34.105103,8.1,15.19,4.54,0.0,89.69,987.06,3.77,270.67,25.85,646.72,6.04,0.0,0
2025-09-29 16:32:34.105103,5.32,8.92,0.2,0.0,97.23,985.95,2.72,275.81,22.08,558.67,4.76,0.0,0
2025-09-29 17:32:34.105103,4.88,10.61,1.67,0.0,95.29,988.65,6.37,319.54,42.34,356.61,3.94,0.0,0
2025-09-29 18:32:34.105103,3.18,6.21,-3.52,0.0,96.66,989.95,5.4,216.22,37.71,403.98,2.51,0.0,0
2025-09-29 19:32:34.105103,3.23,7.86,-4.36,0.0,90.65,995.13,5.26,251.46,26.04,432.89,1.36,0.0,0
2025-09-29 20:32:34.105103,3.94,8.77,-0.46,0.0,97.25,984.32,3.38,296.96,55.52,153.93,3.39,0.0,0
2025-09-29 21:32:34.105103,6.55,11.53,-0.74,0.0,88.39,992.33,3.07,245.23,45.87,129.64,4.23,0.0,0
2025-09-29 22:32:34.105103,6.16,12.64,1.7,0.0,81.81,991.77,4.94,280.39,35.62,140.24,2.52,0.0,0
2025-09-29 23:32:34.105103,9.03,13.97,1.48,0.0,94.43,986.52,6.3,13.0,55.86,87.67,7.92,0.0,0
2025-09-30 00:32:34.105103,14.15,19.39,7.38,0.0,85.56,989.46,10.71,277.7,44.41,39.9,11.26,4.15,0
2025-09-30 01:32:34.105103,13.3,17.48,6.27,0.0,82.31,987.48,7.42,269.65,27.93,4.05,9.76,3.3,0
2025-09-30 02:32:34.105103,12.35,17.21,9.26,0.0,84.62,989.41,8.09,255.92,26.92,246.9,9.27,2.35,0
2025-09-30 03:32:34.105103,16.65,20.78,8.83,0.0,82.4,993.38,7.0,302.84,44.38,138.22,13.13,6.65,0
2025-09-30 04:32:34.105103,14.38,17.75,7.75,0.0,81.55,990.67,4.21,290.82,39.74,227.79,10.69,4.38,0
2025-09-30 05:32:34.105103,11.72,17.74,7.2,0.0,88.94,990.38,3.18,254.2,41.17,241.39,9.51,1.72,0
2025-09-30 06:32:34.105103,13.98,20.33,6.84,0.0,79.54,987.56,2.29,275.33,26.3,551.81,9.89,3.98,0
2025-09-30 07:32:34.105103,12.05,18.15,7.65,0.0,90.48,984.4,4.01,282.27,46.32,352.81,10.15,2.05,0
2025-09-30 08:32:34.105103,14.49,19.81,7.13,0.0,81.86,988.23,6.85,245.0,28.38,453.67,10.87,4.49,0
2025-09-30 09:32:34.105103,14.28,19.18,10.72,0.0,81.55,992.47,3.53,184.5,34.76,525.42,10.59,4.28,0
2025-09-30 10:32:34.105103,16.35,23.67,9.84,0.0,71.12,984.27,4.67,211.34,45.03,463.24,10.58,6.35,0
2025-09-30 11:32:34.105103,12.21,17.8,6.5,0.0,85.12,985.69,3.53,229.58,30.95,538.26,9.23,2.21,0
2025-09-30 12:32:34.105103,9.56,14.96,6.08,0.0,83.5,989.23,5.39,288.04,21.02,673.88,6.26,0.0,0
2025-09-30 13:32:34.105103,10.11,13.23,5.9,0.0,83.65,985.9,3.97,241.53,26.3,543.3,6.84,0.11,0
2025-09-30 14:32:34.105103,2.58,7.28,-0.48,0.0,94.06,986.47,2.09,248.0,51.97,346.5,1.39,0.0,0
2025-09-30 15:32:34.105103,6.23,11.13,0.89,0.0,87.32,987.58,2.74,260.98,41.21,334.01,3.69,0.0,0
2025-09-30 16:32:34.105103,6.35,11.34,1.84,0.0,100.0,984.75,5.9,221.18,43.71,323.78,6.35,0.0,0
2025-09-30 17:32:34.105103,1.25,7.15,-4.74,0.0,100.0,985.93,2.23,230.61,39.91,471.77,1.25,0.0,0
2025-09-30 18:32:34.105103,6.29,11.96,1.8,0.0,100.0,990.96,4.58,223.67,49.85,365.74,6.29,0.0,0
2025-09-30 19:32:34.105103,4.88,10.92,0.38,0.0,88.56,984.93,5.85,203.13,30.79,340.35,2.59,0.0,0
2025-09-30 20:32:34.105103,3.97,10.8,-2.74,0.0,96.4,984.06,2.67,219.33,46.25,298.13,3.25,0.0,0
2025-09-30 21:32:34.105103,7.02,14.09,3.78,0.0,85.0,986.96,6.88,230.41,30.19,205.73,4.02,0.0,0
2025-09-30 22:32:34.105103,11.54,18.13,4.03,0.0,81.21,991.05,8.34,200.55,26.63,139.75,7.78,1.54,0
2025-09-30 23:32:34.105103,8.81,16.59,1.55,0.0,84.19,988.26,2.81,225.71,30.72,75.17,5.65,0.0,0
2025-10-01 00:32:34.105103,10.5,13.59,4.16,0.0,92.45,987.46,3.47,279.17,37.47,0.0,8.99,0.5,0
2025-10-01 01:32:34.105103,10.63,14.61,4.67,0.0,84.07,988.98,4.79,296.0,36.55,55.5,7.45,0.63,0
2025-10-01 02:32:34.105103,11.3,14.34,3.84,0.0,90.39,983.61,8.98,222.1,42.55,176.12,9.38,1.3,0
2025-10-01 03:32:34.105103,15.9,22.14,11.98,0.0,81.17,990.33,3.79,255.33,0.0,313.65,12.14,5.9,0
2025-10-01 04:32:34.105103,13.48,20.97,10.09,0.0,93.29,990.0,6.21,330.87,33.57,301.35,12.14,3.48,0
2025-10-01 05:32:34.105103,15.94,20.16,11.74,0.0,70.69,987.62,4.62,187.67,26.43,409.85,10.08,5.94,0
2025-10-01 06:32:34.105103,15.04,22.68,8.07,0.0,85.73,991.87,3.47,328.49,52.92,285.76,12.19,5.04,0
2025-10-01 07:32:34.105103,16.75,20.05,13.58,0.0,82.6,985.47,2.41,203.77,25.5,424.32,13.27,6.75,0
2025-10-01 08:32:34.105103,15.86,23.54,9.95,0.0,73.34,992.23,3.26,298.84,33.3,394.49,10.53,5.86,0
2025-10-01 09:32:34.105103,16.32,21.08,8.34,0.0,82.56,989.31,3.27,293.39,51.23,367.9,12.83,6.32,0
2025-10-01 10:32:34.105103,11.98,15.49,4.7,0.0,85.71,987.84,9.85,236.23,24.73,573.11,9.12,1.98,0
2025-10-01 11:32:34.105103,11.01,16.44,5.41,0.0,84.34,988.79,6.56,268.76,41.11,471.45,7.88,1.01,0
2025-10-01 12:32:34.105103,8.04,12.33,4.72,0.0,85.82,988.53,3.77,225.76,29.89,560.11,5.21,0.0,0
2025-10-01 13:32:34.105103,7.56,11.98,0.4,0.0,87.07,992.51,4.72,253.4,33.49,656.73,4.97,0.0,0
2025-10-01 14:32:34.105103,7.75,12.29,1.76,0.0,100.0,985.62,3.39,271.65,36.97,420.56,7.75,0.0,0
2025-10-01 15:32:34.105103,7.27,14.29,3.7,0.0,91.1,986.56,7.7,237.67,33.23,394.01,5.49,0.0,0
2025-10-01 16:32:34.105103,2.96,8.66,-0.51,0.0,100.0,991.96,3.42,211.01,72.22,209.09,2.96,0.0,0
2025-10-01 17:32:34.105103,5.94,10.5,-1.6,0.0,89.13,987.06,3.27,258.98,48.01,311.15,3.77,0.0,0
2025-10-01 18:32:34.105103,6.71,12.76,0.37,0.0,88.03,991.55,4.54,278.63,50.03,298.45,4.32,0.0,0
2025-10-01 19:32:34.105103,5.03,11.61,-2.12,0.0,99.86,993.95,2.66,280.08,49.85,273.42,5.0,0.0,0
2025-10-01 20:32:34.105103,8.56,12.92,1.16,0.0,82.42,987.64,4.1,214.26,20.15,383.62,5.04,0.0,0
2025-10-01 21:32:34.105103,4.21,9.28,-1.65,0.0,93.61,990.89,3.45,289.21,45.75,90.71,2.93,0.0,0
2025-10-01 22:32:34.105103,4.51,8.12,-1.08,5.41,100.0,985.39,5.5,198.28,95.73,0.0,4.51,0.0,0
2025-10-01 23:32:34.105103,4.89,8.8,-0.26,0.0,95.22,991.11,7.96,161.7,34.08,90.28,3.93,0.0,0
2025-10-02 00:32:34.105103,12.99,19.4,8.41,0.0,81.61,989.45,4.45,265.18,45.46,38.52,9.32,2.99,0
2025-10-02 01:32:34.105103,12.86,16.77,7.69,0.0,84.68,990.27,4.74,249.4,44.39,167.75,9.8,2.86,0
2025-10-02 02:32:34.105103,12.89,18.52,6.02,0.0,86.13,986.92,5.98,259.9,56.58,137.68,10.12,2.89,0
2025-10-02 03:32:34.105103,14.8,21.35,8.79,0.0,83.47,983.87,2.49,302.06,32.56,203.64,11.5,4.8,0
2025-10-02 04:32:34.105103,12.95,16.48,5.48,0.0,77.65,990.36,3.64,276.42,22.85,264.08,8.48,2.95,0
2025-10-02 05:32:34.105103,20.69,26.53,15.47,0.0,69.55,982.66,6.2,237.35,26.16,331.41,14.6,10.69,1
2025-10-02 06:32:34.105103,16.26,20.54,10.22,0.0,83.58,987.9,7.38,346.82,51.15,246.72,12.98,6.26,0
2025-10-02 07:32:34.105103,16.02,23.83,9.86,0.0,82.45,991.68,5.98,7.53,17.94,553.58,12.51,6.02,0
2025-10-02 08:32:34.105103,16.65,22.07,10.69,0.0,70.16,989.43,8.5,314.05,9.4,640.57,10.68,6.65,0
2025-10-02 09:32:34.105103,15.21,22.24,8.69,0.0,80.95,994.7,3.32,277.72,36.37,404.13,11.4,5.21,0
2025-10-02 10:32:34.105103,13.45,19.2,9.26,0.0,71.93,991.93,7.15,206.07,26.54,545.85,7.84,3.45,0
2025-10-02 11:32:34.105103,9.97,13.19,4.41,0.0,87.27,986.89,4.43,327.97,38.71,529.97,7.43,0.0,0
2025-10-02 12:32:34.105103,10.94,17.11,7.42,0.0,95.07,988.93,2.36,248.48,51.99,401.67,9.96,0.94,0
2025-10-02 13:32:34.105103,12.21,19.97,7.29,0.0,78.94,988.71,5.35,164.03,28.94,592.01,8.0,2.21,0
2025-10-02 14:32:34.105103,9.69,15.7,4.25,0.0,83.29,984.11,4.04,185.35,17.91,653.45,6.35,0.0,0
2025-10-02 15:32:34.105103,8.95,16.04,2.68,0.0,92.4,986.03,10.8,315.63,61.65,364.8,7.43,0.0,0
2025-10-02 16:32:34.105103,3.78,11.2,-3.97,0.0,88.61,987.17,4.97,191.07,29.33,501.4,1.51,0.0,0
2025-10-02 17:32:34.105103,2.23,6.37,-3.78,0.0,95.5,982.74,3.76,312.98,32.16,411.28,1.33,0.0,0
2025-10-02 18:32:34.105103,3.75,7.81,-2.97,0.0,99.36,988.99,4.69,192.76,55.72,204.72,3.62,0.0,0
2025-10-02 19:32:34.105103,4.32,10.37,-1.21,0.0,92.35,988.11,3.68,291.53,37.33,317.68,2.79,0.0,0
2025-10-02 20:32:34.105103,6.99,12.05,0.82,0.0,90.33,983.83,2.9,250.59,39.53,119.84,5.06,0.0,0
2025-10-02 21:32:34.105103,2.37,9.57,-0.98,0.0,100.0,990.06,4.51,277.42,49.83,144.39,2.37,0.0,0
2025-10-02 22:32:34.105103,10.06,17.56,5.79,0.0,89.02,991.0,3.25,314.71,50.34,92.52,7.86,0.06,0
2025-10-02 23:32:34.105103,8.13,12.9,3.32,0.0,91.13,989.53,6.51,296.37,37.23,0.0,6.36,0.0,0
2025-10-03 00:32:34.105103,9.15,13.34,3.79,0.0,86.58,987.89,10.88,284.42,53.49,0.0,6.47,0.0,0
2025-10-03 01:32:34.105103,9.53,16.44,6.31,0.0,89.55,990.63,3.83,268.4,18.42,125.67,7.44,0.0,0
2025-10-03 02:32:34.105103,9.7,14.07,6.0,0.0,86.84,990.9,8.7,211.2,46.02,123.31,7.06,0.0,0
2025-10-03 03:32:34.105103,15.89,23.01,11.51,0.0,80.45,989.78,2.56,212.11,26.83,229.1,11.98,5.89,0
2025-10-03 04:32:34.105103,15.35,20.47,7.49,0.36,91.49,986.38,6.82,230.97,94.47,37.44,13.65,5.35,0
2025-10-03 05:32:34.105103,13.22,19.56,8.56,0.0,81.25,989.69,4.96,212.13,37.05,311.21,9.47,3.22,0
2025-10-03 06:32:34.105103,13.42,16.89,8.01,0.0,76.93,992.44,5.61,253.94,26.73,476.6,8.8,3.42,0
2025-10-03 07:32:34.105103,15.13,21.25,11.15,0.0,79.13,987.07,7.49,309.0,41.19,379.41,10.96,5.13,0
2025-10-03 08:32:34.105103,18.54,23.8,12.49,0.0,70.13,995.15,5.17,298.81,39.0,349.72,12.57,8.54,0
2025-10-03 09:32:34.105103,13.73,19.66,9.33,0.0,75.84,987.28,2.62,261.17,39.34,529.87,8.9,3.73,0
2025-10-03 10:32:34.105103,10.0,13.84,5.96,0.0,88.29,988.95,6.08,257.49,28.85,568.32,7.66,0.0,0
2025-10-03 11:32:34.105103,11.07,17.75,5.48,0.0,86.46,986.84,5.57,169.84,33.39,498.85,8.36,1.07,0
2025-10-03 12:32:34.105103,9.46,16.77,6.43,0.0,91.72,989.53,3.92,341.94,40.82,410.76,7.81,0.0,0
2025-10-03 13:32:34.105103,3.06,7.14,0.02,0.0,95.26,983.63,4.19,213.97,42.22,478.12,2.11,0.0,0
2025-10-03 14:32:34.105103,6.9,10.38,2.8,0.0,93.69,987.22,6.31,336.08,49.34,385.58,5.64,0.0,0
2025-10-03 15:32:34.105103,5.3,8.42,2.12,0.0,96.8,985.58,4.88,275.03,23.25,645.96,4.66,0.0,0
2025-10-03 16:32:34.105103,6.2,12.41,2.66,0.0,94.92,989.26,3.78,350.14,45.8,358.19,5.19,0.0,0
2025-10-03 17:32:34.105103,7.91,13.94,3.21,0.0,86.01,991.84,4.69,181.05,35.1,370.01,5.11,0.0,0
2025-10-03 18:32:34.105103,6.26,11.99,-0.75,0.0,93.36,990.8,2.97,294.95,33.29,422.14,4.93,0.0,0
2025-10-03 19:32:34.105103,3.67,7.83,-2.19,0.0,98.31,981.74,3.28,285.06,36.73,354.39,3.34,0.0,0
2025-10-03 20:32:34.105103,2.6,7.55,-2.97,0.0,98.14,994.98,4.44,217.37,41.92,240.73,2.22,0.0,0
2025-10-03 21:32:34.105103,10.91,16.88,6.44,0.0,75.2,989.74,4.34,227.84,0.0,339.96,5.95,0.91,0
2025-10-03 22:32:34.105103,7.12,12.61,-0.53,0.0,92.12,986.53,4.85,279.18,34.05,134.68,5.55,0.0,0
2025-10-03 23:32:34.105103,8.48,16.42,3.5,0.0,100.0,989.33,4.41,305.01,36.24,78.27,8.48,0.0,0
2025-10-04 00:32:34.105103,9.96,13.65,6.53,0.0,85.25,989.39,2.78,272.91,42.95,58.25,7.01,0.0,0
2025-10-04 01:32:34.105103,11.96,18.44,5.88,0.0,80.42,986.87,8.64,303.5,27.15,107.33,8.05,1.96,0
2025-10-04 02:32:34.105103,12.72,17.75,9.15,0.0,84.78,989.46,7.33,231.96,35.24,125.63,9.68,2.72,0
2025-10-04 03:32:34.105103,13.11,18.25,8.38,0.0,83.9,987.04,5.25,284.97,52.37,213.43,9.89,3.11,0
2025-10-04 04:32:34.105103,14.11,20.7,8.58,0.0,86.79,987.65,3.7,214.74,48.34,88.4,11.47,4.11,0
2025-10-04 05:32:34.105103,15.74,22.2,8.37,0.0,72.1,986.81,6.84,275.85,40.07,394.46,10.16,5.74,0
2025-10-04 06:32:34.105103,14.93,22.88,9.46,0.0,83.27,984.57,6.47,331.12,31.64,301.43,11.58,4.93,0
2025-10-04 07:32:34.105103,14.38,18.02,7.87,0.0,83.38,989.3,8.08,207.65,42.12,336.0,11.06,4.38,0
2025-10-04 08:32:34.105103,15.42,18.94,7.46,0.0,78.16,990.62,5.81,222.68,31.74,470.88,11.05,5.42,0
2025-10-04 09:32:34.105103,13.75,20.37,10.09,0.0,83.08,990.41,3.94,223.25,34.58,476.22,10.36,3.75,0
2025-10-04 10:32:34.105103,16.02,21.91,11.65,0.0,83.12,991.33,5.71,294.79,40.66,508.9,12.64,6.02,0
2025-10-04 11:32:34.105103,6.26,10.63,1.29,0.0,96.97,989.84,2.32,283.02,37.51,442.73,5.66,0.0,0
2025-10-04 12:32:34.105103,12.2,15.59,7.09,0.0,77.99,987.27,3.81,313.45,48.93,421.63,7.79,2.2,0
2025-10-04 13:32:34.105103,10.95,14.38,5.9,0.0,89.67,991.38,9.75,282.36,38.24,460.98,8.89,0.95,0
2025-10-04 14:32:34.105103,2.87,10.34,-4.67,0.0,97.38,984.79,2.81,349.92,49.87,402.11,2.34,0.0,0
2025-10-04 15:32:34.105103,5.08,9.04,-1.49,0.0,94.74,986.16,2.46,265.48,56.92,315.13,4.03,0.0,0
2025-10-04 16:32:34.105103,4.07,8.69,-1.97,0.0,96.26,985.97,3.98,270.73,53.44,327.19,3.32,0.0,0
2025-10-04 17:32:34.105103,1.4,5.54,-3.14,0.0,99.15,992.11,4.01,234.63,30.48,413.71,1.23,0.0,0
2025-10-04 18:32:34.105103,2.46,7.23,-4.66,0.0,100.0,991.69,6.61,345.07,49.45,260.46,2.46,0.0,0
2025-10-04 19:32:34.105103,2.0,5.34,-5.78,0.0,98.59,990.33,5.02,316.81,52.8,244.23,1.71,0.0,0
2025-10-04 20:32:34.105103,8.32,13.92,1.21,0.0,83.92,992.08,4.48,211.45,45.88,263.67,5.11,0.0,0
2025-10-04 21:32:34.105103,7.64,10.98,4.63,0.0,88.57,986.23,2.52,275.54,28.15,190.05,5.36,0.0,0
2025-10-04 22:32:34.105103,9.56,16.56,3.37,0.0,88.56,989.91,4.52,264.28,32.71,95.89,7.27,0.0,0
2025-10-04 23:32:34.105103,9.9,14.07,6.65,0.0,93.29,988.49,3.34,216.69,51.59,81.22,8.56,0.0,0
2025-10-05 00:32:34.105103,7.76,13.46,3.48,0.0,93.37,991.42,6.19,294.85,34.07,0.0,6.44,0.0,0
2025-10-05 01:32:34.105103,10.53,17.93,7.23,0.0,81.96,988.53,4.58,187.38,32.98,111.5,6.92,0.53,0
2025-10-05 02:32:34.105103,14.0,20.25,7.98,0.0,93.43,987.72,2.15,208.35,57.47,42.77,12.69,4.0,0
2025-10-05 03:32:34.105103,11.82,17.48,5.39,0.0,85.59,990.5,7.91,227.93,37.32,102.92,8.94,1.82,0
2025-10-05 04:32:34.105103,16.64,21.27,13.07,0.0,83.41,991.51,2.94,332.73,29.44,255.6,13.33,6.64,0
2025-10-05 05:32:34.105103,15.34,20.0,10.42,0.0,78.24,986.87,4.75,224.33,25.34,325.27,10.98,5.34,0
2025-10-05 06:32:34.105103,15.27,21.62,9.99,0.0,81.76,988.69,4.23,223.26,39.21,339.96,11.62,5.27,0
2025-10-05 07:32:34.105103,17.24,25.21,12.39,0.0,80.34,985.7,5.63,242.64,21.84,464.24,13.31,7.24,0
2025-10-05 08:32:34.105103,16.11,22.42,12.5,0.0,83.93,981.38,3.55,298.87,34.49,490.9,12.89,6.11,0
2025-10-05 09:32:34.105103,13.54,19.33,8.45,0.0,86.97,989.48,3.33,343.38,41.82,415.61,10.94,3.54,0
2025-10-05 10:32:34.105103,15.34,21.99,8.58,0.0,83.35,990.7,4.12,347.21,49.67,396.47,12.01,5.34,0
2025-10-05 11:32:34.105103,9.41,14.74,6.06,0.0,86.31,989.66,8.4,251.07,44.83,445.48,6.67,0.0,0
2025-10-05 12:32:34.105103,11.25,14.55,7.85,0.0,82.26,983.03,2.85,216.06,28.99,577.83,7.71,1.25,0
2025-10-05 13:32:34.105103,9.65,15.47,4.88,0.0,89.18,987.82,4.57,338.07,51.37,384.47,7.49,0.0,0
2025-10-05 14:32:34.105103,6.4,14.19,-1.31,0.0,97.06,982.22,5.1,254.18,40.54,485.03,5.81,0.0,0
2025-10-05 15:32:34.105103,6.43,10.31,0.09,1.25,100.0,992.99,4.79,224.85,72.64,162.41,6.43,0.0,0
2025-10-05 16:32:34.105103,2.32,8.77,-4.07,0.0,100.0,985.62,3.6,326.96,43.28,462.94,2.32,0.0,0
2025-10-05 17:32:34.105103,6.07,10.08,1.26,0.0,100.0,992.64,3.85,338.56,59.38,245.97,6.07,0.0,0
2025-10-05 18:32:34.105103,3.65,9.33,-2.32,0.0,91.94,991.71,4.21,261.67,42.62,259.0,2.04,0.0,0
2025-10-05 19:32:34.105103,3.18,6.66,0.13,0.0,93.04,986.17,4.46,336.44,41.65,293.59,1.79,0.0,0
2025-10-05 20:32:34.105103,6.92,12.18,0.74,0.0,90.91,985.48,2.28,217.99,56.83,130.13,5.11,0.0,0
2025-10-05 21:32:34.105103,4.37,11.15,-3.2,0.0,96.98,989.93,5.73,246.22,29.18,250.09,3.77,0.0,0
2025-10-05 22:32:34.105103,4.2,8.94,-1.86,0.0,93.07,986.34,5.3,293.31,28.68,258.15,2.82,0.0,0
2025-10-05 23:32:34.105103,5.36,11.68,-2.01,0.0,100.0,989.18,6.55,273.24,28.84,34.98,5.36,0.0,0
2025-10-06 00:32:34.105103,11.24,18.22,4.62,0.0,87.25,987.44,2.39,310.6,42.35,16.62,8.7,1.24,0
2025-10-06 01:32:34.105103,9.02,16.66,5.42,0.0,88.66,983.55,5.07,355.4,41.0,0.0,6.76,0.0,0
2025-10-06 02:32:34.105103,16.54,20.72,9.03,0.0,70.01,982.2,4.26,358.31,45.43,135.68,10.54,6.54,0
2025-10-06 03:32:34.105103,10.11,15.11,6.78,0.0,80.25,989.57,4.8,278.74,37.56,146.87,6.16,0.11,0
2025-10-06 04:32:34.105103,18.62,22.38,12.95,0.0,75.47,987.21,4.11,315.97,28.69,253.98,13.72,8.62,0
2025-10-06 05:32:34.105103,16.25,24.21,12.54,0.0,66.96,987.23,5.33,341.18,28.5,293.15,9.64,6.25,0
2025-10-06 06:32:34.105103,15.84,23.47,12.78,0.0,83.3,990.98,3.48,291.96,37.83,388.3,12.5,5.84,0
2025-10-06 07:32:34.105103,14.74,20.44,9.63,0.0,79.1,992.41,4.66,215.73,17.83,571.86,10.56,4.74,0
2025-10-06 08:32:34.105103,16.03,23.24,11.55,0.0,94.17,988.07,2.5,237.14,69.19,214.62,14.86,6.03,0
2025-10-06 09:32:34.105103,14.2,19.8,8.77,0.0,92.24,987.87,3.86,223.95,46.32,353.54,12.65,4.2,0
2025-10-06 10:32:34.105103,15.24,21.36,9.35,0.0,78.23,990.39,3.94,199.38,36.22,572.35,10.89,5.24,0
2025-10-06 11:32:34.105103,11.81,15.26,8.6,0.0,83.75,984.82,2.15,263.71,43.03,414.38,8.56,1.81,0
2025-10-06 12:32:34.105103,10.33,17.11,6.72,0.1,100.0,989.56,4.71,226.66,92.09,0.0,10.33,0.33,0
2025-10-06 13:32:34.105103,7.75,11.39,1.96,0.0,98.89,990.55,5.22,331.46,43.04,474.72,7.53,0.0,0
2025-10-06 14:32:34.105103,6.92,14.05,2.2,0.0,83.43,990.93,3.85,266.24,30.4,482.56,3.61,0.0,0
2025-10-06 15:32:34.105103,6.41,13.32,-0.24,0.0,83.46,983.08,6.17,208.3,42.72,472.76,3.1,0.0,0
